Genus,K1,K2,K3,K4,K5,K6,M1,M2,M3,M4,M5,M6,Y1,Y2,Y3,Y4,Y5,Y6,Z1,Z2,Z3,Z4,Z5,Z6
Unclassified,0.571991333464644,0.581536529202428,0.633593014296721,0.601420826322677,0.633062556411859,0.295193986789158,0.515802368313597,0.459420668058455,0.499727104027945,0.496214728148658,0.541035856573705,0.495882427467376,0.542070569988368,0.571185720356991,0.514103982300885,0.386275733000624,0.423023872679045,0.565727383038965,0.491542943055817,0.443626537458069,0.549462973431317,0.518476807207714,0.545586614567679,0.537345075016308
Clostridium,0.120937561552098,0.1069709022399,0.0272236966013184,0.0224340998317443,0.0266611122682774,0.0395566016247817,0.145202123315639,0.163491649269311,0.138849470581814,0.138472126634549,0.152760387023335,0.168503737488914,0.0221015897634742,0.0158662700099164,0.0229535398230089,0.00885839051777916,0.0187798408488064,0.0159093973304571,0.0514940800601391,0.215803205367126,0.0885622762389297,0.103329344689238,0.0946798917944094,0.0552837573385519
Lactobacillus,0.0277723064802048,0.0275277370734771,0.0166937762177896,0.0174799027855674,0.0143720058321183,0.334143193379394,0.0357697019191507,0.0262265135699374,0.0454098897500273,0.0434962147281487,0.0198064883323847,0.0266058532877233,0.0111477316789453,0.00793313500495821,0.00262721238938053,0.0165938864628821,0.00647214854111406,0.00781987326412296,0.0401240368351814,0.0122064852776742,0.00263802524967025,0.00309706482719786,0.0017533313295261,0.0141063274624918
Eubacterium,0.0230451053771913,0.0208289721582583,0.0410067631195959,0.0286034772854739,0.023606193154204,0.0153367246222762,0.0209881584320131,0.0225730688935282,0.0251064294291016,0.024776324845148,0.0264086511098463,0.0259723805903966,0.0644629701434665,0.103130755064457,0.0507466814159292,0.0335620711166563,0.0316180371352785,0.0186059053525684,0.0218004134561173,0.0349422288483041,0.0173355944978331,0.0210459632575491,0.0184350265504458,0.0227495107632094
Acutalibacter,0,0.000523341009001465,0.000599263761664241,0.000841278743690409,0.00152745955703673,0,0.000244997958350347,0,0,0,0,0,0.0124079100426522,0.0458988525286868,0.138274336283186,0.144728633811603,0.156180371352785,0.128623432654712,0.000187934598759632,0.000652254938501677,0,0.000211163510945309,0.000200380723374411,0.000326157860404436
Ruminococcus,0.0270829229860154,0.0367385388319029,0.0190908312644465,0.0353337072349972,0.0253419426508366,0.0217902968643231,0.0144548795426705,0.0110908141962422,0.0222683113197249,0.0165175498967653,0.0112692088787706,0.0148232611174458,0.0552539744086855,0.0636067431647542,0.0322179203539823,0.0731129132875858,0.0405305039787798,0.0226506673857355,0.0101484683330201,0.0277674245247857,0.0136612021857923,0.0109805025691561,0.00771465784991484,0.00962165688193085
Bacteroides,0.0344691747094741,0.0325518107598911,0.0249978597722798,0.0367358384744812,0.0272165521071999,0.00903500113886569,0.0440179665169457,0.0394050104384134,0.0424626132518284,0.0445973847212663,0.0442800227660785,0.0467502850627138,0,0,0,0,0,0,0.0397481676376621,0.0229221021244875,0.0695308083663086,0.0166115295276976,0.00566075543532712,0.0398727984344423
Prevotella,0.0446129604096908,0.0340171655850952,0.0199469223525383,0.0425313142643485,0.0282580018051795,0.129375142358211,0.0391180073499387,0.0494519832985386,0.04704726558236,0.039504473503097,0.0417757541263517,0.0478905359179019,0,0,0,0,0,0,0.00197331328697613,0.03056280283265,0.00188430374976446,0.00133736890265362,0.000150285542530809,0.00228310502283105
Blautia,0.00531810124089029,0.00648942851161817,0.0189196130468282,0.0141147878108058,0.0141637158925224,0.00987016931136588,0.00538995508370764,0.0116127348643006,0.00600371138521995,0.00523055746730902,0.00409789413773478,0.00734828328899024,0.0138619620007755,0.00566652500354158,0.0351216814159292,0.0465377417342483,0.0305570291777188,0.00970742887960092,0.0186055252772035,0.00596347372344391,0.0143207084982099,0.02505806996551,0.0305079651337541,0.0206294846705806
Roseburia,0.0264920228481387,0.0290977601004815,0.0264532146220358,0.0206580669283978,0.0233284732347428,0.0139700857945486,0.00955492037566354,0.0156576200417537,0.00960593821635193,0.0100481761871989,0.00922026180990324,0.0100088686177626,0.00494377665761923,0.0046748831279218,0.00235066371681416,0.00561447286338116,0,0.00471888903869489,0.0322307836872768,0.0213380544166977,0.0151686451856039,0.0123882593087914,0.00986875062618976,0.0466405740378343
Pseudoflavonifractor,0.00246208390781958,0.0046054008792129,0.0264532146220358,0.0253318377266779,0.0199264042213428,0.000987016931136588,0.0196815026541445,0.0153966597077244,0.0170287086562602,0.0148657949070888,0.0134319863403529,0.0115292030913468,0.00474990306320279,0.000708315625442697,0.00138274336283186,0.00798502807236432,0.023448275862069,0.00903330187407307,0.013249389212554,0.0208721580320537,0.0112116073110985,0.0156964876469346,0.00596132652038874,0.0171232876712329
Romboutsia,0.00128028363206618,0.00251203684320703,0.00291070969951203,0.00420639371845205,0.00291605915434285,0.0223976918988687,0.00538995508370764,0.000391440501043841,0.00392970199759852,0.00729525120440468,0.00170745589072282,0.00278727986823768,0.0177394338891043,0.0177078906360674,0.0225387168141593,0.0124766063630692,0.0203713527851459,0.0405824457327761,0.0194512309716219,0.0141632500931793,0.00951573393631053,0.0117547687759555,0.011221320508967,0.0132909328114808
Bilophila,0,0,0,0,0,0,0,0.000391440501043841,0,0,0,0.000380083618396047,0.0289841023652579,0.00524153562827596,0.0598727876106195,0.0744853399875234,0.0385145888594164,0.019684508561413,0.0133433565119338,0,0.00593555681175806,0.00218202294643486,0.00195371205290051,0.0108447488584475
Parabacteroides,0.0145755367342919,0.0166422440862466,0.00145535484975601,0.00168255748738082,0.00152745955703673,0.000911092551818389,0.0125765618619845,0.0178757828810021,0.0188844012662373,0.0191328286304198,0.0190096755833808,0.0207779044723172,0,0,0,0,0,0,0.0173839503852659,0.010342899739098,0.00970416431128698,0.00717955937214049,0.00285542530808536,0.0204664057403783
Oscillibacter,0.00561355130982864,0.00586141930081641,0.0233712867049054,0.0210319685922602,0.027702561966257,0.00561840406954673,0.00489995916700694,0.00247912317327766,0.00305643488702107,0.000825877494838266,0.00170745589072282,0.00190041809198024,0.00164792555253974,0.0158662700099164,0.00152101769911504,0.00199625701809108,0.00986737400530504,0.0169880005393016,0.00676564555534674,0.0130450987700335,0.00226116449971735,0.0080946012529035,0.00405770964833183,0.0131278538812785
Subdoligranulum,0.00226511719519401,0.0015700230270044,0.00410923722284051,0.00149560665544962,0.00152745955703673,0.00129071444840938,0.000898325847284606,0.00221816283924843,0.000982425499399629,0.00151410874053682,0.000569151963574274,0,0.025106630476929,0.0256410256410256,0.0244745575221239,0.0197130380536494,0.0239787798408488,0.042470001348254,0.00150347679007705,0.00158404770778979,0.0012247974373469,0.00288590131625255,0.00130247470193367,0.00228310502283105
Dorea,0.00610596809139255,0.00439606447561231,0.00744799246639842,0.00626285286969527,0.00687356800666528,0.0139700857945486,0.00155165373621886,0.00339248434237996,0.00141905905468835,0.00151410874053682,0.000455321570859419,0.000760167236792094,0,0,0.00580752212389381,0,0.00318302387267905,0.000404476203316705,0.00507423416651005,0.00568393589265747,0.0179008856227624,0.0358274090237207,0.0476405169822663,0.0073385518590998
Marvinbryantia,0.00246208390781958,0.00355871886120996,0,0,0.0011803096577102,0.00341659706931896,0.000244997958350347,0.00300104384133612,0.00196485099879926,0.00206469373709566,0.000910643141718839,0.000886861776257443,0.0696006203955021,0.00679983000424989,0.00373340707964602,0.0379288833437305,0.0215384615384615,0,0.00723548205224582,0.00130450987700335,0.000942151874882231,0.00344900401210671,0.00370704338242661,0.00538160469667319
Phocaeicola,0.00305298404569628,0.00387272346661084,0.00496532831093228,0.00691718078145448,0.00506838853016733,0.00242958013818237,0.0120865659452838,0.00913361169102296,0.0136447986027726,0.0165175498967653,0.013318155947638,0.0150766501963765,0,0,0,0,0,0,0.0196391655703815,0.00437942601565412,0.00923308837384586,0.0023227986203984,0.000551046989279631,0.0230756686236138
Anaerotruncus,0.0110301359070317,0.0106761565836299,0.0094170019690095,0.00682370536548888,0.00867874748316323,0.00220180700022777,0.0027766435279706,0.0110908141962422,0.0022923261652658,0.0037164487267722,0.00671599317017644,0.00582794881540606,0.00823962776269872,0.00949142938093214,0.0120298672566372,0.00910792264504055,0.00859416445623342,0.00377511123095591,0.00338282277767337,0.00214312336936265,0.00226116449971735,0.0025339621313437,0.00225428313796213,0.00375081539465101
Ethanoligenens,0,0,0,0,0,0,0,0,0,0,0,0,0.044009305932532,0.0626151012891344,0.00801991150442478,0.0188396756082346,0.00944297082228117,0.00242685721990023,0,0,0,0,0,0
Faecalibaculum,0,0,0,0,0,0,0.00130665577786852,0.00900313152400835,0.00130990066586617,0.00165175498967653,0.0012521343198634,0.00152033447358419,0,0,0,0,0,0,0.0156925389964292,0.0101565411852404,0.0260976069342378,0.024424579432674,0.0233443542731189,0.0101108936725375
Intestinimonas,0.00147725034469175,0.0015700230270044,0.00462289187569557,0.00598242662179847,0.00617926820801222,0.00470731151772834,0.00612494895875868,0.00743736951983299,0.0063311865516865,0.00344115622849277,0.00785429709732499,0.0059546433548714,0.00281116711903839,0.00198328375123955,0.00124446902654867,0.00723643169058016,0.00742705570291777,0.00431441283537819,0.00826912234542379,0.00456578456951174,0.00508762012436405,0.00696839586119519,0.00245466386133654,0.00742009132420091
Hungatella,0.00167421705731731,0.00355871886120996,0.00299631880832121,0.00186950831931202,0.00270776921474693,0.000379621896590995,0.00171498570845243,0.00221816283924843,0.000218316777644362,0.000963523743977977,0.00182128628343768,0.00114025085518814,0.00474990306320279,0,0.00428650442477876,0.00174672489082969,0.00477453580901857,0.000943777807738978,0.0101484683330201,0.00158404770778979,0.0108347465611457,0.0208347997466038,0.027752730187356,0.0101108936725375
Ligilactobacillus,0.000984833563127831,0.000942013816202638,0.00145535484975601,0.00214993456720882,0.00194403943622856,0.00136663882772758,0.00424663127807268,0.0341858037578288,0.00425717716406506,0.0050929112181693,0.00682982356289129,0.00570125427594071,0.000581620783249321,0,0.000414823008849558,0,0,0.000539301604422273,0.0211426423604586,0.00559075661572866,0.00150744299981157,0.00197085943548955,0.00145276024446448,0.0107632093933464
Escherichia,0.000787866850502265,0.000418672807201172,0.00102730930571013,0.000654327911759207,0.000763729778518364,0.000911092551818389,0.00661494487545937,0.00456680584551148,0.00622202816286432,0.00784583620096352,0.00717131474103586,0.00937539592043583,0.00155098875533152,0,0,0,0,0,0.0220823153542567,0.0110883339545285,0.00461654418692293,0.00682762018723165,0.00616170724376315,0.0124755381604697
Schaedlerella,0.0017727004136301,0.0015700230270044,0.00393801900522216,0.00289773789493363,0.00347149899326529,0.00280920203477337,0.000979991833401388,0.000652400835073069,0.000545791944110905,0.000412938747419133,0,0.000760167236792094,0,0.000566652500354158,0,0,0,0.000674127005527841,0.00432249577147153,0.00111815132314573,0.00895044281138119,0.0204828605616949,0.0262999699428915,0.00505544683626875
Anaerotignum,0.0011818002757534,0.00115135021980322,0.00256827326427532,0.00261731164703683,0.00298548913420815,0,0.00187831768068599,0.000391440501043841,0.000873267110577448,0,0,0.000253389078930698,0.0120201628538193,0.0161495962600935,0.00788163716814159,0.0174672489082969,0.00286472148541114,0.00620196845085614,0.00122157489193761,0.00093179276928811,0.000847936687394008,0.000915041880763004,0.00100190361687206,0.00171232876712329
Limosilactobacillus,0.0011818002757534,0.000942013816202638,0.00761921068401678,0.0088801645167321,0.00978962716100812,0.0113886568977299,0.00310330747243773,0.00495824634655532,0.00283811810937671,0.00481761871988988,0.00364257256687536,0.00164702901304954,0.00252035672741373,0.00141663125088539,0,0.00436681222707424,0.00159151193633952,0,0.00507423416651005,0.000838613492359299,0.000753721499905785,0,0.000150285542530809,0.00163078930202218
Lachnoclostridium,0.00403781760882411,0.00439606447561231,0.00522215563735982,0.00738455786128248,0.00666527806706936,0.00493508465568294,0.00122498979175174,0.00117432150313152,0.000982425499399629,0.000825877494838266,0,0,0.00494377665761923,0,0.00497787610619469,0.00212102308172177,0.0123076923076923,0.00390993663206148,0.00281901898139447,0.00121133060007454,0.00405125306199359,0.00133736890265362,0.000951808436028454,0.00195694716242661
Turicibacter,0.00167421705731731,0.00209336403600586,0.0018834003938019,0.00243036081510563,0.00208289939595918,0.00660542100068332,0.00563495304205798,0.00104384133611691,0.0045846523305316,0.00839642119752237,0.00170745589072282,0.00101355631572279,0,0,0,0,0,0,0.014283029505732,0.00549757733879985,0.00273224043715847,0.00394171887097909,0.00465885181845506,0.00611545988258317
Mycoplasma,0.00374236753988576,0.0030353778522085,0.000342436435236709,0,0.000208289939595918,0,0.012739893834218,0.0066544885177453,0.010260888549285,0.0100481761871989,0.00899260102447353,0.0110224249334854,0,0,0,0,0,0,0,0.00624301155423034,0.0024495948746938,0.000422327021890617,0,0.000163078930202218
Enterocloster,0.00374236753988576,0.00565208289721583,0.00196900950261108,0.00252383623107123,0.00229118933555509,0.00159441196568218,0.000489995916700694,0.00234864300626305,0.00130990066586617,0.00110116999311769,0.000341491178144565,0.00190041809198024,0,0,0,0,0,0,0.000281901898139447,0,0.00951573393631053,0.018019286267333,0.02043883378419,0.000163078930202218
Enterococcus,0.00128028363206618,0.00104668201800293,0.00539337385497817,0.00523462329407366,0.0059709782684163,0.00159441196568218,0.00114332380563495,0.00456680584551148,0.00185569260997708,0.00233998623537509,0.00147979510529311,0.00405422526289117,0.00174486234974796,0.00155829437597393,0.00138274336283186,0.000873362445414847,0.00445623342175066,0.00188755561547796,0.00657771095658711,0.00326127469250839,0.00292067081213492,0.00204124727247132,0.00315599639314698,0.0073385518590998
Flavonifractor,0.000689383494189482,0.000942013816202638,0.00556459207259652,0.00486072163021125,0.00409636881205304,0,0.00302164148632095,0.00391440501043841,0.0040388603864207,0.00289057123193393,0.00387023335230507,0.00544786519701001,0.00126017836370686,0.000849978750531237,0,0.00124766063630692,0.00742705570291777,0.00229203181879466,0.0023491824844954,0.00372717107715244,0.00188430374976446,0.00443443372985148,0.00235447349964933,0.00383235485975212
Paramuribaculum,0.000295450068938349,0,0.00984504751305539,0.0177603290334642,0.0129139762549469,0.00318882393136436,0.00538995508370764,0.00143528183716075,0.00436633555288724,0.00426703372333104,0.00364257256687536,0.00291397440770303,0,0,0,0,0,0.000539301604422273,0,0,0,0.000211163510945309,0.000100190361687206,0
Bifidobacterium,0,0,0,0,0,0.00083516817250019,0.00400163331972234,0.00247912317327766,0.00240148455408798,0.00467997247075017,0.000569151963574274,0.000253389078930698,0,0,0,0,0,0.00080895240663341,0.00977259913550085,0.00447260529258293,0.00876201243640475,0.00703878369817696,0.00691313495641719,0.00489236790606654
Anaeromassilibacillus,0.000689383494189482,0.00104668201800293,0,0.000186950831931202,0.000486009859057141,0,0,0.000652400835073069,0,0,0,0,0.00591314462970143,0.000424989375265618,0.00221238938053097,0.0160948222083593,0.0147480106100796,0.013752190912768,0.000187934598759632,0.000186358553857622,0,0,0.000200380723374411,0
Campylobacter,0,0,0,0,0.000555439838922447,0,0.000326663944467129,0.00169624217118998,0.00141905905468835,0.000275292498279422,0.000910643141718839,0.00152033447358419,0,0,0,0,0.000848806366047745,0,0,0.0016772269847186,0.00829093649896363,0.0158372633208981,0.0225929265604649,0
Mediterraneibacter,0.0023636005515068,0.00272137324680762,0.00222583682903861,0.00177603290334642,0.00208289939595918,0.00334067269000076,0.000734993875051041,0.00182672233820459,0.00109158388822181,0.00137646249139711,0.00102447353443369,0.00126694539465349,0.000969367972082202,0.0046748831279218,0.00594579646017699,0.000748596381784155,0.00806366047745358,0.0051233652420116,0.000187934598759632,0.00102497204621692,0.00197851893725269,0.00211163510945309,0.00210399759543132,0.000570776255707763
Butyricicoccus,0.00364388418357298,0.00345405065940967,0.00479411009331393,0.00280426247896803,0.0059709782684163,0.00083516817250019,0.000326663944467129,0.000521920668058455,0.000327475166466543,0,0.000682982356289129,0.000506778157861396,0.00465296626599457,0.000849978750531237,0.00262721238938053,0.00573923892701185,0.00297082228116711,0.00242685721990023,0.00197331328697613,0.00372717107715244,0.00103636706237045,0.00119659322869008,0.00100190361687206,0.00269080234833659
Clostridioides,0.000492416781563916,0.000523341009001465,0.00171218217618355,0.000280426247896803,0,0.00592210158681953,0.00253164556962025,0.00678496868475992,0.00305643488702107,0.00220233998623538,0.00387023335230507,0.00443430888128722,0,0,0,0,0,0,0.00554407066340913,0.00307491613865076,0,0.000422327021890617,0.000200380723374411,0.00595238095238095
Parasutterella,0.000787866850502265,0.000628009210801758,0.000342436435236709,0,0,0.00144256320704578,0.00334830543078808,0.00130480167014614,0.00294727649819889,0.00261527873365451,0.00295959021058623,0.00418091980235652,0,0,0,0,0,0,0.00629580905844766,0.00596347372344391,0.00263802524967025,0.00337861617512494,0.0017032361486825,0.00415851272015656
Ruthenibacterium,0,0,0,0,0,0,0,0,0,0,0,0,0.00455602946878635,0,0,0.0103555832813475,0.0110344827586207,0.0132128893083457,0,0,0,0.000563102695854156,0,0
Anaerocolumna,0,0,0,0,0,0.000227773137954597,0,0,0,0,0,0.000380083618396047,0,0,0.000414823008849558,0,0.000424403183023873,0,0.000281901898139447,0,0.00744299981156963,0.0129513620046456,0.017032361486825,0.000244618395303327
Neglecta,0.00187118376994288,0.00125601842160352,0.000342436435236709,0,0.000347149899326529,0,0.00114332380563495,0,0,0.000688231245698555,0.000455321570859419,0,0.0019387359441644,0.000991641875619776,0.00359513274336283,0,0.00891246684350133,0.00525819064311716,0.00187934598759632,0.00102497204621692,0.00131901262483512,0.00401210670796086,0.00145276024446448,0.00244618395303327
Shigella,0,0,0,0,0,0,0.00187831768068599,0.00117432150313152,0.00218316777644362,0.00302821748107364,0.00250426863972681,0.00392753072342582,0,0,0,0,0,0,0.0077053185491449,0.0033544539694372,0.00141322781232335,0.00225241078341663,0.00245466386133654,0.00513698630136986
Alistipes,0.0023636005515068,0.00439606447561231,0.00342436435236709,0.00429986913441765,0.0036103589529959,0.000987016931136588,0.00204164965291956,0.00221816283924843,0.00196485099879926,0.00178940123881624,0.00182128628343768,0.000886861776257443,0,0,0,0,0,0,0,0.000279537830786433,0.00103636706237045,0,0,0
Tyzzerella,0.00137876698837896,0.00115135021980322,0.000513654652855064,0.000560852495793606,0.000347149899326529,0,0.000244997958350347,0.000260960334029228,0.000218316777644362,0.000412938747419133,0.000113830392714855,0.000253389078930698,0.000484683986041101,0.000566652500354158,0.00511615044247788,0,0.00848806366047745,0.00566266684643387,0.000281901898139447,0,0.00292067081213492,0.000140775673963539,0.000100190361687206,0.000244618395303327
Acetatifactor,0.00147725034469175,0.00136068662340381,0.00359558256998545,0.00261731164703683,0.0036103589529959,0.000303697517272796,0.0013883217639853,0.00130480167014614,0.000545791944110905,0.000412938747419133,0.000455321570859419,0.000506778157861396,0,0,0,0,0,0,0.00281901898139447,0.000652254938501677,0.0012247974373469,0.00183008376152601,0.000751427712654043,0.00228310502283105
Ileibacterium,0,0,0,0,0,0,0,0,0,0,0,0,0,0,0,0,0,0,0.00526216876526969,0.00204994409243384,0.00442811381194649,0.00499753642570564,0.0036068530207394,0.00407697325505545
Anaerosacchariphilus,0.00167421705731731,0.00125601842160352,0,0,0,0.00189810948295498,0,0.00130480167014614,0.000327475166466543,0,0.000682982356289129,0.000633472697326745,0.00281116711903839,0.000708315625442697,0.00580752212389381,0.00137242669993762,0.00159151193633952,0.00364028582985034,0,0,0,0.000351939184908848,0.000150285542530809,0.000163078930202218
Coprococcus,0.00246208390781958,0.00167469122880469,0.00154096395856519,0.000747803327724808,0.00083315975838367,0.000607395034545593,0.00106165781951817,0,0.000982425499399629,0,0.000569151963574274,0.000506778157861396,0,0,0,0,0,0,0.00281901898139447,0.00111815132314573,0.00141322781232335,0.00154853241359893,0.00185352169121331,0.00350619699934768
Streptococcus,0,0,0,0,0,0.000911092551818389,0.00187831768068599,0.000652400835073069,0.0017465342211549,0.00275292498279422,0.000455321570859419,0,0.00116324156649864,0.000566652500354158,0.00165929203539823,0.00099812850904554,0.000636604774535809,0,0.0023491824844954,0.00093179276928811,0.00179008856227624,0.00175969592454424,0.00155295060615169,0.00114155251141553
Acholeplasma,0.00541658459720307,0.00418672807201172,0,0,0,0,0.00269497754185382,0.000391440501043841,0.00327475166466543,0.00206469373709566,0.00170745589072282,0.00215380717091093,0,0,0,0,0,0,0,0.000279537830786433,0,0,0,0
Duncaniella,0.000196966712625566,0.000209336403600586,0.00325314613474874,0.00673022994952328,0.00437408873151427,0.00159441196568218,0.000816659861167824,0.000913361169102296,0.000436633555288724,0.000412938747419133,0.000682982356289129,0.000760167236792094,0,0,0,0,0,0,0.000375869197519263,0.000186358553857622,0,0,0,0.000489236790606654
Acetobacterium,0.000787866850502265,0.00104668201800293,0,0,0.000416579879191835,0.000303697517272796,0.000816659861167824,0.00208768267223382,0.000654950332933086,0.0012388162422574,0.00136596471257826,0.00101355631572279,0.000775494377665762,0.000424989375265618,0.000829646017699115,0.000873362445414847,0.00328912466843501,0.000404476203316705,0.000563803796278895,0.000745434215430488,0.00113058224985868,0.000563102695854156,0.000300571085061617,0.000489236790606654
Peptococcus,0.000886350206815048,0.000418672807201172,0.000171218217618355,0,0,0.000151848758636398,0.000326663944467129,0.00182672233820459,0.000654950332933086,0.000963523743977977,0.000910643141718839,0.00152033447358419,0.000872431174873982,0,0,0.000374298190892077,0.00424403183023873,0.000539301604422273,0.000939672993798158,0.000838613492359299,0.0012247974373469,0.000844654043781235,0.000300571085061617,0.000570776255707763
Streptomyces,0,0,0,0,0,0,0.00195998366680278,0.000782881002087683,0.00196485099879926,0.00399174122505162,0.000796812749003984,0.000760167236792094,0,0,0,0,0,0,0.00159744408945687,0.000465896384644055,0.00150744299981157,0.00204124727247132,0.00165314096783889,0.000978473581213307
Helicobacter,0,0,0.00316753702593956,0.00495419704617686,0.0059709782684163,0.00379621896590995,0,0,0,0,0,0,0,0,0,0,0,0,0,0,0,0,0,0
Thermophilibacter,0,0,0,0,0,0,0.00171498570845243,0.000521920668058455,0.00185569260997708,0.00357880247763248,0.000569151963574274,0.000633472697326745,0,0,0,0,0,0,0.00159744408945687,0.000652254938501677,0.00169587337478802,0.00175969592454424,0.00160304578699529,0.00106001304631442
Anaerovorax,0.000196966712625566,0.000209336403600586,0,0,0,0,0.000571661902817476,0,0.000436633555288724,0,0,0,0.00184179914695618,0.000991641875619776,0.00110619469026549,0.00786026200873362,0.00169761273209549,0.00161790481326682,0.000281901898139447,0,0,0,0,0.000407697325505545
Sporobacter,0,0,0.000171218217618355,0,0.000277719919461223,0.000303697517272796,0.0013883217639853,0.00417536534446764,0.00141905905468835,0.00137646249139711,0.00295959021058623,0.00228050171037628,0,0,0,0,0,0.000404476203316705,9.39672993798158e-05,0,0,0.000844654043781235,0.000400761446748823,0
Bacillus,0.00324995075832184,0.00251203684320703,0,0,0.000277719919461223,0.000227773137954597,0.00212331563903634,0,0.00141905905468835,0.0012388162422574,0.00102447353443369,0.000633472697326745,0.00019387359441644,0,0.000414823008849558,0.000124766063630692,0,0,0.000375869197519263,0.00186358553857622,0,0,0,0.000407697325505545
Olsenella,0,0,0,0,0,0,0.00155165373621886,0.000521920668058455,0.00163737583233271,0.00330350997935306,0.000455321570859419,0.000380083618396047,0,0,0,0,0,0,0.00140950949069724,0.000838613492359299,0.00160165818729979,0.00147814457661716,0.00155295060615169,0.000815394651011089
Parolsenella,0,0,0,0,0,0,0.00195998366680278,0.000782881002087683,0.00141905905468835,0.00275292498279422,0.000341491178144565,0.000380083618396047,0,0,0,0,0,0,0.00112760759255779,0.000838613492359299,0.00169587337478802,0.0016189202505807,0.00145276024446448,0.000978473581213307
Unassigned,0,0,0,0,0,0,0.00195998366680278,0.000652400835073069,0.00163737583233271,0.0037164487267722,0,0,0,0,0,0,0,0,0.00131554219131742,0.000559075661572866,0.0012247974373469,0.00133736890265362,0.00185352169121331,0.000978473581213307
Odoribacter,0.000492416781563916,0.000942013816202638,0,0,0,0,0.00253164556962025,0.000391440501043841,0.00130990066586617,0.00206469373709566,0.0012521343198634,0.00126694539465349,0,0,0,0,0,0,0.000657771095658711,0.000838613492359299,0.000565291124929339,0.000915041880763004,0.000100190361687206,0.00122309197651663
Butyricimonas,0.000787866850502265,0.000418672807201172,0,0,0,0,0.00236831359738669,0.000260960334029228,0.0022923261652658,0.00206469373709566,0.00193511667615253,0.00152033447358419,0,0,0,0,0,0,0.000469836496899079,0.000186358553857622,0.000753721499905785,0.000985429717744774,0,0.000163078930202218
Faecalibacterium,0.000984833563127831,0.000837345614402345,0,0.000373901663862404,0,0.00189810948295498,0,0,0.000545791944110905,0.000412938747419133,0.000455321570859419,0,0.000872431174873982,0.00169995750106247,0.000553097345132743,0.000873362445414847,0,0.00161790481326682,0.000187934598759632,0.00111815132314573,0,0.000492714858872387,0.000400761446748823,0.000570776255707763
Acetivibrio,0,0.000314004605400879,0,0.000186950831931202,0.000208289939595918,0.000303697517272796,0,0,0,0,0,0,0.000872431174873982,0,0.00138274336283186,0.00548970679975047,0.00307692307692308,0.00121342860995011,0,0,0.000282645562464669,0,0,0
Oxobacter,0.000787866850502265,0.000837345614402345,0,0,0,0,0,0.000652400835073069,0,0,0.000569151963574274,0.000380083618396047,0.000290810391624661,0,0,0,0,0,0.000469836496899079,0.000186358553857622,0.00546448087431694,0.000915041880763004,0.00125237952109007,0.000489236790606654
Agathobaculum,0,0.000837345614402345,0.000171218217618355,0.000280426247896803,0.000555439838922447,0.000151848758636398,0,0,0,0,0,0,0.00261729352462195,0.000991641875619776,0.0019358407079646,0.00124766063630692,0.00106100795755968,0.000539301604422273,0.000375869197519263,0,0.000188430374976446,0,0.000500951808436028,0.000407697325505545
Traorella,0.000590900137876699,0.000418672807201172,0,0,0,0,0.00130665577786852,0.000652400835073069,0.00185569260997708,0.00165175498967653,0.00159362549800797,0.00152033447358419,0,0,0,0,0,0,0,0.000745434215430488,0.00131901262483512,0,0,0
Anaerobium,0.000492416781563916,0.000314004605400879,0.00128413663213766,0.00486072163021125,0.0024300492952857,0.00106294131045479,0,0,0,0,0,0,0,0,0,0.000748596381784155,0.000318302387267905,0,0,0,0,0,0,0
Erysipelatoclostridium,0,0,0,0,0,0,0,0.00221816283924843,0,0,0.000455321570859419,0,0,0,0,0,0,0,0.00197331328697613,0.000838613492359299,0.00131901262483512,0.000492714858872387,0.000751427712654043,0.00252772341813438
Desulfallas,0,0,0,0,0,0,0,0,0,0,0,0,0.000290810391624661,0,0,0,0.00827586206896552,0.00188755561547796,0,0,0,0,0,0
Adlercreutzia,0.000295450068938349,0,0,0,0,0,0.00114332380563495,0.000782881002087683,0.000873267110577448,0.000825877494838266,0,0,0,0,0,0,0,0,0.00122157489193761,0.000559075661572866,0.00141322781232335,0.00133736890265362,0.00165314096783889,0.000244618395303327
Pseudoclostridium,0,0,0.00119852752332848,0.000467377079828005,0.000277719919461223,0,0,0,0,0,0,0,0.000387747188832881,0,0.00179756637168142,0.00424204616344354,0.000424403183023873,0,0,0,0,0,0,0
Lactonifactor,0.000492416781563916,0.000209336403600586,0,0.000280426247896803,0,0.00265735327613697,0,0.000260960334029228,0.000436633555288724,0.000412938747419133,0.000569151963574274,0,0,0,0,0,0,0,0,0.000838613492359299,0.000471075937441116,0.00147814457661716,0.000651237350966837,0
Allobaculum,0,0,0,0,0.000208289939595918,0.000379621896590995,0,0,0,0,0,0,0,0,0,0,0,0,0.00187934598759632,0.000745434215430488,0.00131901262483512,0.00133736890265362,0.00135256988277728,0.000896934116112198
Vallitalea,0.0011818002757534,0.000523341009001465,0,0,0,0.00144256320704578,0,0.00169624217118998,0,0,0.000341491178144565,0.000380083618396047,0,0,0,0,0,0,0.000281901898139447,0.00102497204621692,0,0,0,0.000489236790606654
Fusobacterium,0,0,0.000342436435236709,0.000934754159656011,0.000763729778518364,0,0.000653327888934259,0,0.000982425499399629,0.00137646249139711,0.0012521343198634,0.00101355631572279,0,0,0,0,0,0,0,0,0,0,0,0
Robinsoniella,0.000295450068938349,0,0.000171218217618355,0,0,0.000151848758636398,0.000489995916700694,0.000782881002087683,0.000327475166466543,0.000550584996558844,0.000910643141718839,0.000506778157861396,0,0,0,0,0,0,0,0.00149086843086098,0,0.000633490532835926,0.000450856627592426,0.000407697325505545
Anaerobutyricum,0,0,0.000856091088091773,0.00121518040755281,0.00180517947649795,0.000607395034545593,0,0.00104384133611691,0,0,0.000455321570859419,0.000886861776257443,0,0,0,0,0,0,0,0,0,0,0,0
Christensenella,0,0,0,0,0,0,0,0,0,0,0,0,0.000678557580457542,0,0.00110619469026549,0.00436681222707424,0.000424403183023873,0,0,0.000279537830786433,0,0,0,0
Mucispirillum,0.000787866850502265,0.000942013816202638,0,0,0,0,0.00130665577786852,0.00156576200417537,0.000327475166466543,0.000688231245698555,0.000341491178144565,0.000380083618396047,0,0,0,0,0,0,0,0,0,0,0,0
Kineothrix,0.00206815048256845,0.00314004605400879,0,0,0,0,0,0,0,0,0,0,0,0,0,0,0,0,0,0,0.000659506312417562,0,0,0.000407697325505545
Fournierella,0,0,0,0,0,0,0.000653327888934259,0,0,0.000275292498279422,0.000455321570859419,0,0,0.000424989375265618,0,0,0.00297082228116711,0,0,0.00111815132314573,0,0.000211163510945309,0,0
Elusimicrobium,0.000295450068938349,0.000314004605400879,0.000856091088091773,0.000747803327724808,0.000694299798653058,0.000607395034545593,0.000326663944467129,0.000260960334029228,0.000545791944110905,0.000412938747419133,0.000341491178144565,0.000633472697326745,0,0,0,0,0,0,0,0,0,0,0,0
Hespellia,0.000787866850502265,0.000837345614402345,0.00119852752332848,0.000747803327724808,0.0011803096577102,0,0,0,0,0,0,0,0,0,0,0,0,0,0,0.000745434215430488,0,7.03878369817696e-05,0,0
Paenibacillus,0,0,0.000770481979282596,0.00121518040755281,0.00173574949663265,0,0,0,0,0,0,0,0,0.000566652500354158,0,0.000873362445414847,0,0,0,0,0,0,0.000200380723374411,0
Petroclostridium,0.000787866850502265,0,0,0,0,0,0.000816659861167824,0.000521920668058455,0.000764108721755267,0.000688231245698555,0.000682982356289129,0.000506778157861396,0.000290810391624661,0,0,0,0,0.000269650802211137,0,0,0,0,0,0
Alkalibaculum,0.000295450068938349,0.000209336403600586,0,0,0,0.000455546275909194,0.000898325847284606,0.000391440501043841,0.000545791944110905,0.000550584996558844,0.000796812749003984,0.000506778157861396,0,0,0,0,0,0,0,0.000372717107715244,0,0,0,0
Lacrimispora,0.000492416781563916,0.000523341009001465,0,0,0,0,0,0,0.000327475166466543,0,0,0,0.000872431174873982,0,0,0,0,0.00080895240663341,0.000657771095658711,0,0.000188430374976446,0.000211163510945309,0,0.000489236790606654
Gemmiger,0,0,0,0,0,0,0,0,0,0,0,0,0.00155098875533152,0,0.000138274336283186,0,0.000424403183023873,0.00242685721990023,0,0,0,0,0,0
Emergencia,0,0.000314004605400879,0.000513654652855064,0,0,0,0.000244997958350347,0.000391440501043841,0,0.000412938747419133,0,0.00114025085518814,0,0,0,0,0,0,0,0.00102497204621692,0.000282645562464669,0.000140775673963539,5.00951808436028e-05,0
Gardnerella,0.000196966712625566,0,0.000428045544045886,0.000280426247896803,0.000347149899326529,0.000379621896590995,0.000489995916700694,0,0.000654950332933086,0.000688231245698555,0.000341491178144565,0,0,0,0,0,0,0,0.000281901898139447,0,0,0,0,0
Acetanaerobacterium,0,0,0,0,0,0,0,0,0,0,0,0,0,0,0,0,0.00318302387267905,0.00080895240663341,0,0,0,0,0,0
Intestinibacillus,0,0,0,0,0,0,0.000326663944467129,0,0.000327475166466543,0,0,0,0.000775494377665762,0,0.000967920353982301,0.00049906425452277,0,0,9.39672993798158e-05,0,0.000282645562464669,0.000422327021890617,0.000200380723374411,0
Bacilliculturomica,0,0,0,0.000280426247896803,0.000486009859057141,0,0,0,0,0,0,0,0,0,0,0,0.00244031830238727,0.000404476203316705,0.000281901898139447,0,0,0,0,0
Anaerosporobacter,0,0,0.00179779128499272,0.000934754159656011,0.00111087967784489,0,0,0,0,0,0,0,0,0,0,0,0,0,0,0,0,0,0,0
Lawsonibacter,0,0,0,0.000280426247896803,0,0,0,0.00156576200417537,0,0,0,0.000506778157861396,0,0,0,0.000374298190892077,0,0,0,0.00102497204621692,0,0,0,0
Desulfitobacterium,0.000689383494189482,0.000104668201800293,0,0,0.000555439838922447,0.00121479006909119,0,0,0,0,0,0,0,0,0,0,0,0,0,0,0.000847936687394008,0,0,0
Faecalicatena,0,0,0,0.000186950831931202,0.000208289939595918,0,0,0.000391440501043841,0.000436633555288724,0,0,0.000380083618396047,0.00126017836370686,0,0,0,0.000530503978779841,0,0,0,0,0,0,0
Lachnotalea,0,0,0,0,0,0,0,0,0,0,0,0,0.000775494377665762,0,0,0.00099812850904554,0,0.00107860320884455,0,0,0,0.000281551347927078,0,0
Monoglobus,0,0,0,0,0.000416579879191835,0,0,0,0,0,0,0,0,0,0,0.00049906425452277,0,0.00080895240663341,0.000563803796278895,0,0,0,0,0.000652315720808871
Muribaculum,0.000295450068938349,0.000732677412602052,0,0,0,0,0.000408329930583912,0.000260960334029228,0.000218316777644362,0.000275292498279422,0.000113830392714855,0.000633472697326745,0,0,0,0,0,0,0,0,0,0,0,0
Papillibacter,0,0,0,0,0,0,0,0,0,0,0,0,0.00019387359441644,0.000283326250177079,0.00152101769911504,0.000873362445414847,0,0,0,0,0,0,0,0
Eisenbergiella,0,0,0.000428045544045886,0.000560852495793606,0.000694299798653058,0,0,0,0.000327475166466543,0,0,0,0,0,0,0,0,0,0,0,0.000282645562464669,0,0.000200380723374411,0.000326157860404436
Candidatus_Soleaferrea,0,0,0,0,0,0,0,0,0,0,0,0,0,0.000849978750531237,0,0,0.000318302387267905,0.00161790481326682,0,0,0,0,0,0
Negativibacillus,0,0,0,0,0.000486009859057141,0,0,0,0,0,0,0,0,0,0.000691371681415929,0,0.000848806366047745,0.000674127005527841,0,0,0,0,0,0
Coprobacillus,0.000295450068938349,0,0,0,0,0.000227773137954597,0.000326663944467129,0,0,0.000550584996558844,0.000341491178144565,0,0,0,0,0,0,0,0,0.00093179276928811,0,0,0,0
Desulfovibrio,0,0,0.000513654652855064,0.000186950831931202,0.000347149899326529,7.59243793181991e-05,0.000408329930583912,0,0,0,0,0,0,0,0,0,0,0,0.000375869197519263,0,0,0.000422327021890617,0.000200380723374411,0
Hydrogenoanaerobacterium,0,0,0,0,0,0,0,0,0,0,0,0,0,0,0.00110619469026549,0,0.000742705570291777,0.000674127005527841,0,0,0,0,0,0
Bariatricus,0.000492416781563916,0.000314004605400879,0,0,0,0,0,0,0,0,0,0,0,0,0,0,0,0,0.000469836496899079,0,0,0,0,0.000652315720808871
Candidatus_Nanosyncoccus,0,0,0,0,0,0,0,0.000782881002087683,0,0,0.000455321570859419,0.000633472697326745,0,0,0,0,0,0,0,0,0,0,0,0
Cuneatibacter,0.000590900137876699,0,0,0,0,0,0,0,0,0,0,0,0,0.000424989375265618,0.000553097345132743,0.000249532127261385,0,0,0,0,0,0,0,0
Bittarella,0,0,0,0,0,0,0,0,0,0,0,0,0,0,0,0,0,0.00148307941216125,0.000187934598759632,0,0,0.000140775673963539,0,0
Slackia,0,0,0,0,0,0,0,0.000260960334029228,0,0.000550584996558844,0,0,0,0,0,0,0,0,0.000281901898139447,0,0.000188430374976446,0,0.000250475904218014,0.000244618395303327
Parvibacter,0,0,0,0,0,0,0,0,0,0,0,0,0,0,0,0,0,0,0.000375869197519263,0,0.000753721499905785,0.000281551347927078,0.000300571085061617,0
Anaeroplasma,0,0,0,0,0,0,0,0,0,0,0,0,0,0,0,0,0,0,0,0.0016772269847186,0,0,0,0
Ruminiclostridium,0,0,0,0,0,0,0,0,0.000545791944110905,0,0.000113830392714855,0.000506778157861396,0,0,0,0,0,0.000404476203316705,0,0,0,0,0,0
Rothia,0.000196966712625566,0,0,0,0,0,0,0,0,0,0.000341491178144565,0,0.000581620783249321,0,0,0,0,0,0.000281901898139447,0,0,0,0.000150285542530809,0
Anaerorhabdus,0,0,0,0,0,0.000303697517272796,0,0,0,0,0,0,0,0,0,0,0,0,0,0.000559075661572866,0.000659506312417562,0,0,0
Candidatus_Stoquefichus,0,0,0,0,0,0.000227773137954597,0,0,0,0,0,0,0,0,0,0,0,0,0,0.000652254938501677,0,0,0.000300571085061617,0.000244618395303327
Varibaculum,0,0,0,0,0,0,0,0,0,0,0,0,0.000678557580457542,0,0,0,0.000318302387267905,0,0,0,0.000376860749952892,0,0,0
Natronincola,0,0.000209336403600586,0,0,0,0,0,0.000391440501043841,0,0,0.00022766078542971,0,0,0,0,0,0,0,0,0.000186358553857622,0,0.000211163510945309,0.000100190361687206,0
Butyrivibrio,0.000295450068938349,0.000732677412602052,0,0,0.000277719919461223,0,0,0,0,0,0,0,0,0,0,0,0,0,0,0,0,0,0,0
Anaerostipes,0,0,0.000770481979282596,0,0,0.000303697517272796,0,0,0,0,0,0,0,0,0,0,0,0,0,0,0,0,0.000200380723374411,0
Corynebacterium,0,0,0,0,0,0,0,0,0,0,0,0,0,0,0,0,0,0,0.000751738395038527,0,0,0,0.000200380723374411,8.15394651011089e-05
Holdemania,0,0.000209336403600586,0,0,0,0,0,0,0.000327475166466543,0,0.00022766078542971,0,0,0,0,0,0,0,0,0,0,0,0,0.000244618395303327
Terrisporobacter,0,0,0,0,0,0,0,0,0,0,0,0,0.000969367972082202,0,0,0,0,0,0,0,0,0,0,0
Anaerofustis,0,0,0,0,0,0.000911092551818389,0,0,0,0,0,0,0,0,0,0,0,0,0,0,0,0,0,0
Parasporobacterium,0,0,0,0,0,0,0,0,0,0,0,0,0.000872431174873982,0,0,0,0,0,0,0,0,0,0,0
Dehalobacterium,0,0,0,0,0,0,0,0,0,0,0,0,0,0,0,0,0,0,0,0.000279537830786433,0,0.000281551347927078,0.000250475904218014,0
Peptoclostridium,0,0,0,0,0,0,0,0,0,0,0,0,0,0,0.000553097345132743,0.000249532127261385,0,0,0,0,0,0,0,0
Pseudomonas,0,0,0,0,0,0,0,0,0,0.000275292498279422,0.00022766078542971,0,0,0,0,0,0,0,0,0,0,0.000140775673963539,0.000150285542530809,0
Jeotgalibaca,0,0,0,0,0,0,0,0,0,0,0.00022766078542971,0.000253389078930698,0,0,0,0,0,0,0,0.000279537830786433,0,0,0,0
Barnesiella,0,0,0,0,0.000208289939595918,0.000531470655227394,0,0,0,0,0,0,0,0,0,0,0,0,0,0,0,0,0,0
Pseudogracilibacillus,0,0,0,0,0,0.000683319413863792,0,0,0,0,0,0,0,0,0,0,0,0,0,0,0,0,0,0
Absiella,0,0,0,0,0,0,0,0,0,0,0,0,0,0,0,0,0.000424403183023873,0,0,0,0,0.000211163510945309,0,0
Pseudobacteroides,0,0,0,0,0,0,0,0,0,0,0,0,0,0,0,0.000623830318153462,0,0,0,0,0,0,0,0
Algoriphagus,0,0,0,0.000560852495793606,0,0,0,0,0,0,0,0,0,0,0,0,0,0,0,0,0,0,0,0
Eggerthella,0,0,0,0,0,0,0,0,0,0,0,0,0,0,0,0,0,0,0,0,0.000376860749952892,0,0.000150285542530809,0
Dubosiella,0,0,0,0.000373901663862404,0.000138859959730612,0,0,0,0,0,0,0,0,0,0,0,0,0,0,0,0,0,0,0
Rikenella,0,0,0,0,0,0,0.000244997958350347,0,0,0,0,0.000253389078930698,0,0,0,0,0,0,0,0,0,0,0,0
Sphingobacterium,0,0.000104668201800293,0,0,0,0,0,0.000391440501043841,0,0,0,0,0,0,0,0,0,0,0,0,0,0,0,0
Anaerofilum,0,0,0,0,0,0,0,0,0,0,0,0,0.000484683986041101,0,0,0,0,0,0,0,0,0,0,0
Massilioclostridium,0,0,0,0,0,0,0,0,0,0,0,0,0,0,0,0,0,0,0.000281901898139447,0,0,0,0.000200380723374411,0
Dyella,0,0,0,0,0,0,0,0,0,0,0,0,0,0,0,0,0,0,0.000469836496899079,0,0,0,0,0
Collinsella,0,0,0,0,0,0,0,0.000391440501043841,0,0,0,0,0,0,0,0,0,0,0,0,0,0,0,0
Gordonibacter,0,0,0,0,0,0,0,0,0,0,0,0,0,0,0,0,0,0,0,0,0.000376860749952892,0,0,0
Cellulosilyticum,0,0,0,0,0,0,0,0,0,0,0,0,0,0,0,0.000374298190892077,0,0,0,0,0,0,0,0
Clostridiisalibacter,0,0,0,0,0,0,0,0,0,0,0,0,0,0,0,0,0,0,0,0,0,0,0.000200380723374411,0.000163078930202218
Anaerobacterium,0,0,0,0,0,0,0,0,0,0,0,0,0,0,0,0,0,0,0,0,0,0.000211163510945309,0.000150285542530809,0
Tetragenococcus,0,0,0.000342436435236709,0,0,0,0,0,0,0,0,0,0,0,0,0,0,0,0,0,0,0,0,0
Raoultibacter,0,0,0,0,0,0,0,0,0,0,0,0,0,0,0,0,0,0,0,0.000186358553857622,0,0,0.000150285542530809,0
Curtobacterium,0,0,0,0,0,0,0,0,0.000327475166466543,0,0,0,0,0,0,0,0,0,0,0,0,0,0,0
Angelakisella,0,0,0,0,0,0,0,0,0,0,0,0,0,0,0,0,0.000318302387267905,0,0,0,0,0,0,0
Acidibacillus,0,0.000314004605400879,0,0,0,0,0,0,0,0,0,0,0,0,0,0,0,0,0,0,0,0,0,0
Facklamia,0,0,0,0,0,0.000303697517272796,0,0,0,0,0,0,0,0,0,0,0,0,0,0,0,0,0,0
Nesterenkonia,0,0,0,9.3475415965601e-05,0.000208289939595918,0,0,0,0,0,0,0,0,0,0,0,0,0,0,0,0,0,0,0
Azospirillum,0,0,0,0,0,0,0,0,0,0,0,0,0,0,0,0,0,0,0,0,0.000282645562464669,0,0,0
Massiliimalia,0,0,0,0,0,0,0,0,0,0,0,0,0,0,0,0,0,0,0,0,0.000282645562464669,0,0,0
Tissierella,0,0,0,0,0,0,0,0,0,0,0,0,0,0,0,0,0,0,0,0,0.000282645562464669,0,0,0
Faecalimonas,0,0,0,0,0,0,0,0,0,0,0,0,0,0,0,0,0,0,0.000281901898139447,0,0,0,0,0
Merdimonas,0,0,0,0,0,0,0,0,0,0,0,0,0,0,0,0,0,0,0.000281901898139447,0,0,0,0,0
Peptoniphilus,0,0,0,0,0,0,0,0,0,0,0,0,0,0,0,0,0,0,0.000281901898139447,0,0,0,0,0
Brachyspira,0,0,0,0.000280426247896803,0,0,0,0,0,0,0,0,0,0,0,0,0,0,0,0,0,0,0,0
Companilactobacillus,0,0,0,0.000280426247896803,0,0,0,0,0,0,0,0,0,0,0,0,0,0,0,0,0,0,0,0
Pseudobutyrivibrio,0,0,0,0.000280426247896803,0,0,0,0,0,0,0,0,0,0,0,0,0,0,0,0,0,0,0,0
Macellibacteroides,0,0,0,0,0,0,0,0,0,0,0,0,0,0,0,0,0,0,9.39672993798158e-05,0.000186358553857622,0,0,0,0
Labilibaculum,0,0,0,0,0.000277719919461223,0,0,0,0,0,0,0,0,0,0,0,0,0,0,0,0,0,0,0
Candidatus_Arthromitus,0,0,0,0,0,0.000227773137954597,0,0,0,0,0,0,0,0,0,0,0,0,0,0,0,0,0,0
Veillonella,0,0,0,0,0,0.000227773137954597,0,0,0,0,0,0,0,0,0,0,0,0,0,0,0,0,0,0
Sphaerobacter,0,0,0,0,0.000208289939595918,0,0,0,0,0,0,0,0,0,0,0,0,0,0,0,0,0,0,0
Thermotalea,0,0,0,0,0,0,0,0,0,0,0,0,0,0,0,0,0,0,0,0,0,0,0.000150285542530809,0
