id.exposure,SNP,effect_allele.exposure,other_allele.exposure,eaf.exposure,beta.exposure,se.exposure,pval.exposure,chr.exposure,pos.exposure,samplesize.exposure,exposure,mr_keep.exposure,pval_origin.exposure,R2,F,MAF
GCST90200293,rs10745656,G,A,0.966061,-0.187351,0.0418918,7.73954e-06,12,93571609,8262,Thyroxine levels,TRUE,reported,0.0024150087243979,19.996263213643,0.0339390000000001
GCST90200293,rs111892516,C,T,0.0381248,0.177875,0.0394231,6.42359e-06,11,65159473,8262,Thyroxine levels,TRUE,reported,0.00245795711323752,20.3527519467634,0.0381248
GCST90200293,rs114685250,A,G,0.0157499,0.279055,0.0599335,3.22278e-06,1,176705968,8262,Thyroxine levels,TRUE,reported,0.00261708044270334,21.6738065519757,0.0157499
GCST90200293,rs1169288,C,A,0.317795,0.0895045,0.0163472,4.36977e-08,12,120978847,8262,Thyroxine levels,TRUE,reported,0.0036153042120822,29.9707662291866,0.317795
GCST90200293,rs117341978,T,C,0.0424046,-0.168169,0.0376284,7.85126e-06,17,72252030,8262,Thyroxine levels,TRUE,reported,0.00241171801679092,19.968950295898,0.0424046
GCST90200293,rs117672019,A,G,0.0091355,-0.362879,0.0801872,6.0283e-06,12,83107790,8262,Thyroxine levels,TRUE,reported,0.00247259632238178,20.4742702281431,0.0091355
GCST90200293,rs11779237,T,C,0.0163011,-0.289291,0.0594266,1.12713e-06,8,1277665,8262,Thyroxine levels,TRUE,reported,0.0028600853199445,23.6920660731165,0.0163011
GCST90200293,rs13094078,T,C,0.0253218,-0.214326,0.0475569,6.58377e-06,3,149264119,8262,Thyroxine levels,TRUE,reported,0.00245228606233005,20.3056782064982,0.0253218
GCST90200293,rs139768355,A,G,0.009143,0.356607,0.0799228,8.12372e-06,14,102974335,8262,Thyroxine levels,TRUE,reported,0.00240385307203723,19.9036718778158,0.009143
GCST90200293,rs144476500,G,T,0.0138973,-0.331278,0.0646851,3.03272e-07,9,4207070,8262,Thyroxine levels,TRUE,reported,0.00316457182716253,26.2223457890888,0.0138973
GCST90200293,rs146643391,A,G,0.0197665,0.244957,0.0545449,7.09132e-06,7,86866926,8262,Thyroxine levels,TRUE,reported,0.00243515916648581,20.1635160861987,0.0197665
GCST90200293,rs16844401,A,G,0.0646416,0.144705,0.0308759,2.77685e-06,4,3447925,8262,Thyroxine levels,TRUE,reported,0.0026514874597372,21.9595117875559,0.0646416
GCST90200293,rs17361586,A,G,0.104417,-0.116722,0.024618,2.12332e-06,4,152271058,8262,Thyroxine levels,TRUE,reported,0.00271353009537682,22.474744483354,0.104417
GCST90200293,rs56357032,T,A,0.122504,0.105548,0.0229734,4.34132e-06,17,30147916,8262,Thyroxine levels,TRUE,reported,0.00254833276432688,21.1030061152493,0.122504
GCST90200293,rs58541168,T,C,0.064406,-0.140352,0.031012,6.01922e-06,3,172408372,8262,Thyroxine levels,TRUE,reported,0.0024729603141894,20.4772917249824,0.064406
GCST90200293,rs6078009,G,C,0.229745,-0.0864904,0.0180128,1.57399e-06,20,11015207,8262,Thyroxine levels,TRUE,reported,0.00278277401015724,23.0498558637343,0.229745
GCST90200293,rs6722076,A,G,0.289708,-0.103731,0.0167361,5.71623e-10,2,233738671,8262,Thyroxine levels,TRUE,reported,0.00462816424112053,38.4063877018479,0.289708
GCST90200293,rs72869950,C,T,0.0108709,0.332329,0.0730755,5.42239e-06,18,4574295,8262,Thyroxine levels,TRUE,reported,0.00249701931518048,20.6770104378342,0.0108709
GCST90200293,rs73087204,A,C,0.0197789,-0.250579,0.054446,4.17768e-06,7,24114712,8262,Thyroxine levels,TRUE,reported,0.0025571735662426,21.176405401284,0.0197789
GCST90200293,rs74454704,C,T,0.0188416,0.258731,0.0558706,3.64076e-06,1,226534256,8262,Thyroxine levels,TRUE,reported,0.0025889237500301,21.4400167437977,0.0188416
GCST90200293,rs78013831,T,C,0.0212313,0.253464,0.0522662,1.23781e-06,8,18425614,8262,Thyroxine levels,TRUE,reported,0.00283838353578947,23.5117834647043,0.0212313
GCST90200293,rs79132259,T,G,0.03381,-0.183897,0.041573,9.71321e-06,8,59568908,8262,Thyroxine levels,TRUE,reported,0.00236272965957825,19.5623675741955,0.03381
GCST90200293,rs9538757,T,A,0.431384,0.0732015,0.0153629,1.89009e-06,13,60578278,8262,Thyroxine levels,TRUE,reported,0.00274041654842662,22.6980427820608,0.431384
