"Axis.1","Axis.2","Axis.3","Axis.4","Axis.5","Axis.6","Axis.7","Axis.8","Axis.9","Axis.10","Axis.11","Sample","Group"
-0.130465102348843,0.0123685973587891,-0.0254652147423586,-0.0566474810371584,-0.0372975371861504,0.0135431918866353,0.00967129355798274,-0.00899637931143029,-0.0061805241939847,0.0137912900941698,-0.00078176585044439,"K1","Control"
-0.117243651168563,0.0358485832798037,-0.0251294123254645,-0.0664358631835427,-0.0435389964457631,-0.000787436752963604,-0.0240373918429893,-0.00628888938598531,-0.00530469575849594,-0.00941977999657864,-0.000180950765343438,"K2","Control"
-0.159130113502095,-0.0192535088643166,0.00278876611195977,-0.0490925374051807,0.0390394163073188,0.0266491307417622,-0.0120704130140746,-0.0045920186563101,0.0210210065693813,-0.00458189921569027,0.00200329246478112,"K3","Control"
-0.219523373147329,-0.0575292622763803,-0.00517398155343344,-0.0282712564643385,0.0290851462025742,-0.0229285273075625,-0.0140007067675036,0.0058571653197916,-0.0269440812844774,-0.000863075158758955,0.00221794150624574,"K4","Control"
-0.189090026952486,-0.0411646510959903,0.00300472651937635,-0.033400031901318,0.0485441466914152,-0.00785413010514498,-0.0171171932792547,0.0057435694615512,0.00874927207158506,0.00361277432379491,-0.00367491087281398,"K5","Control"
-0.0632972094766323,0.163365024272352,-0.086012259651802,0.0527098541147075,0.0175237833054369,0.0367910498262815,-0.00233490373418035,-0.0142324104746015,-0.00518186595322715,-0.000609531959785208,1.50103759213294e-05,"K6","Control"
-0.181579173278936,-0.0707284664337545,-0.0219074624442646,0.0256753102050942,0.000654065999632202,-0.00676310078484829,0.00298975984394806,0.0198185227239528,0.00447077962464855,0.00704920131115143,-0.00340813893760528,"M1","Model"
-0.155182027349111,-0.0599915337964272,-0.0167106991065188,0.0183998799290482,0.000913487821834604,0.00328850860455783,0.0112312582483754,-0.0315494432073756,0.011492686661411,-0.0122086685186157,-0.00206018705995721,"M2","Model"
-0.161322179823805,-0.0570317974695957,-0.0167668326858469,0.0153705265730501,-0.00129545370698091,0.000903463649699303,0.00633085974952271,0.00382759860925886,0.0180330352872593,0.00768364993131577,0.00370017274311731,"M3","Model"
-0.187316502932116,-0.0745744898071876,0.00308766507580273,0.0340086328247047,-0.00920746502919157,-0.0276725023990921,0.0175316851754084,-0.00775955608710427,-0.000931655659385239,0.0049381148055814,-0.0016165027711074,"M4","Model"
-0.184304141700389,-0.0821972445862187,-0.0265525503417134,0.0303718022001945,-0.000488293445509681,-0.00600796981606508,-0.00163503370816301,0.00797937271840282,-0.0119856506690303,-0.00382993066576634,0.00356803811058307,"M5","Model"
-0.184330322855095,-0.0832994760284087,-0.0273513458758678,0.0296537833478935,-0.00155755013352647,-0.00648580866071536,-0.00311207155167262,0.00459063758064787,-0.0126033916908134,-0.0014964833990031,-1.89171284232021e-05,"M6","Model"
0.374275580571419,0.0163088092931124,-0.0228554311880626,0.00949332910361261,-0.0116590959320976,-0.0160423738256012,0.0111450317744127,0.023653016853721,0.0098629038785085,-0.0115052216442047,0.000315458110212281,"Y1","LVX"
0.384205180188226,-0.0136551284384968,-0.0942326473501507,-0.0425906784203874,0.0111820372987324,-0.0284664074448402,-0.0110919279154985,-0.0203190492645576,0.0022609687975266,0.000940954176756841,-0.000156735254048459,"Y2","LVX"
0.382558491700354,-0.180100653208164,0.0653413967186398,0.0425694929720564,0.0455484658778859,-0.0163257716607583,-0.00920934554116348,-0.00714743767847406,0.0027725205806388,-0.000578170009370547,8.93202799134972e-05,"Y3","LVX"
0.358035344922467,-0.0398497357484753,0.06177674488044,-0.042747763182962,-0.0782004290491965,-0.00460956886285434,-0.0104322311454725,-0.00358443114089755,-0.00271905155368348,0.00329992673008151,-2.78667923708119e-05,"Y4","LVX"
0.376274222193568,0.0699189589892156,-0.0124652114638088,0.0601102636485027,-0.00687830860725841,0.0254873879353873,-0.0229986236979137,-0.000422841441307445,-0.00966414874817954,0.00527991442135009,-0.000249155064514468,"Y5","LVX"
0.349531102496163,-0.0997067006486028,-0.0310905282802022,-0.0333421145683995,0.0340408804939564,0.0427426600611433,0.0380812050192723,0.00977235392908693,-0.00629293673390326,0.00307939904858149,5.02465584860666e-06,"Y6","LVX"
-0.10562393792808,-0.00930918132062326,0.100604979373989,0.0279707695285959,-0.0229911988005035,0.0174680459839257,-0.0190096263476465,-0.0160684878750837,0.010199672194772,0.00521887134411683,0.00175641267948535,"Z1","HQQD"
-0.0511873080378339,0.101851179815271,-0.0484842414823533,0.0331446173272393,-0.0602223833452524,-0.0136193779038014,-0.00984680338660654,0.0255529700777483,0.0160656169293676,2.76802774221213e-05,-5.45432370474885e-06,"Z2","HQQD"
-0.102293908416029,0.0298314553638056,0.0475173694176192,-0.0273271431104902,-0.0207193779143721,0.00364144452075143,0.0500935364855387,0.00707137521202973,0.000533607657797088,-0.00392017467351882,0.000748823923593953,"Z3","HQQD"
0.0130369419235687,0.203140650937161,0.0459328186085689,0.0257324451068084,0.00361205848757439,-0.0300526960853257,0.0291227781882782,-0.0219833041933294,-0.00759071845996324,-0.000199554414102752,-5.00049204220533e-05,"Z4","HQQD"
0.0520359522324767,0.24929926678833,0.0526324428741353,-0.032285056102068,0.0718551958728664,-0.0162329709026611,-0.0079113213236839,0.0146561260605604,0.00253890811249101,0.00336250560597963,0.000373128454380069,"Z5","HQQD"
-0.0980638373108979,0.00645930362480125,0.0775109089113164,0.00692921849433777,-0.00794259476342357,0.0333337593020914,-0.0113898147869154,0.0144215401697057,-0.012602257660242,-0.00907179241490647,-0.00256203356331448,"Z6","HQQD"
