"category","subcategory","ID","Description","GeneRatio","BgRatio","RichFactor","FoldEnrichment","zScore","pvalue","p.adjust","qvalue","geneID","Count"
"Human Diseases","Cardiovascular disease","hsa05417","Lipid and atherosclerosis","6/9","216/9399",0.0277777777777778,29.0092592592593,12.8926557272744,1.09039733757025e-08,1.62469203297967e-06,6.5423840254215e-07,"AKT1/BCL2/CASP1/MAPK14/MMP9/PPARG",6
"Cellular Processes","Transport and catabolism","hsa04148","Efferocytosis","5/9","157/9399",0.0318471337579618,33.2590233545648,12.6189795917288,1.45686780639705e-07,1.0853665157658e-05,4.37060341919115e-06,"CASP1/MAPK14/PPARG/PTGS2/SIRT1",5
"Human Diseases","Drug resistance: antineoplastic","hsa01522","Endocrine resistance","4/9","99/9399",0.0404040404040404,42.1952861952862,12.7564498587477,1.40151264263462e-06,5.28889255289657e-05,2.12975539042815e-05,"AKT1/BCL2/MAPK14/MMP9",4
"Human Diseases","Infectious disease: bacterial","hsa05132","Salmonella infection","5/9","248/9399",0.0201612903225806,21.0551075268817,9.90883818986513,1.4198369269521e-06,5.28889255289657e-05,2.12975539042815e-05,"AKT1/BCL2/CASP1/MAPK14/PTPRC",5
"Organismal Systems","Immune system","hsa04625","C-type lectin receptor signaling pathway","4/9","105/9399",0.0380952380952381,39.784126984127,12.3723875269286,1.77515157406392e-06,5.28995169071047e-05,2.1301818888767e-05,"AKT1/CASP1/MAPK14/PTGS2",4
"Environmental Information Processing","Signal transduction","hsa04668","TNF signaling pathway","4/9","119/9399",0.0336134453781513,35.1036414565826,11.5906135315379,2.93115755724548e-06,7.27904126715962e-05,2.93115755724548e-05,"AKT1/MAPK14/MMP9/PTGS2",4
"Human Diseases","Cardiovascular disease","hsa05418","Fluid shear stress and atherosclerosis","4/9","142/9399",0.028169014084507,29.4178403755869,10.5634623738251,5.9336875616746e-06,0.000126302778098502,5.0860179100068e-05,"AKT1/BCL2/MAPK14/MMP9",4
"Human Diseases","Infectious disease: viral","hsa05161","Hepatitis B","4/9","163/9399",0.0245398773006135,25.6278118609407,9.8193750061902,1.02659223028803e-05,0.000191202802891145,7.69944172716021e-05,"AKT1/BCL2/MAPK14/MMP9",4
"Environmental Information Processing","Signal transduction","hsa04370","VEGF signaling pathway","3/9","60/9399",0.05,52.2166666666667,12.3209140024354,2.02175250308752e-05,0.00033471235884449,0.000134783500205835,"AKT1/MAPK14/PTGS2",3
"Human Diseases","Infectious disease: bacterial","hsa05131","Shigellosis","4/9","253/9399",0.0158102766798419,16.5111989459816,7.74276733355504,5.80760025137612e-05,0.000865332437455042,0.000348456015082567,"AKT1/BCL2/CASP1/MAPK14",4
"Organismal Systems","Aging","hsa04211","Longevity regulating pathway","3/9","90/9399",0.0333333333333333,34.8111111111111,9.97781302533776,6.84142944024282e-05,0.000892970509408511,0.000359585440030273,"AKT1/PPARG/SIRT1",3
"Human Diseases","Cancer: specific types","hsa05222","Small cell lung cancer","3/9","93/9399",0.032258064516129,33.6881720430108,9.80746493744702,7.54599961791932e-05,0.000892970509408511,0.000359585440030273,"AKT1/BCL2/PTGS2",3
"Organismal Systems","Immune system","hsa04657","IL-17 signaling pathway","3/9","94/9399",0.0319148936170213,33.3297872340425,9.75247315377701,7.79101786732258e-05,0.000892970509408511,0.000359585440030273,"MAPK14/MMP9/PTGS2",3
"Human Diseases","Endocrine and metabolic disease","hsa04933","AGE-RAGE signaling pathway in diabetic complications","3/9","101/9399",0.0297029702970297,31.019801980198,9.39030974735335,9.65358337068957e-05,0.0010274170873091,0.000413725001600981,"AKT1/BCL2/MAPK14",3
"Human Diseases","Cancer: specific types","hsa05215","Prostate cancer","3/9","106/9399",0.0283018867924528,29.5566037735849,9.15351080824333,0.000111484563128008,0.00110741332707154,0.000445938252512031,"AKT1/BCL2/MMP9",3
"Human Diseases","Infectious disease: parasitic","hsa05145","Toxoplasmosis","3/9","112/9399",0.0267857142857143,27.9732142857143,8.8901721362797,0.000131330214888265,0.00122301262614696,0.000492488305830992,"AKT1/BCL2/MAPK14",3
"Human Diseases","Cancer: overview","hsa05206","MicroRNAs in cancer","4/9","323/9399",0.0123839009287926,12.9329205366357,6.75626919380798,0.000150440738070447,0.00126130668925466,0.000507908733928052,"BCL2/MMP9/PTGS2/SIRT1",4
"Organismal Systems","Nervous system","hsa04722","Neurotrophin signaling pathway","3/9","120/9399",0.025,26.1083333333333,8.56967003436835,0.000161200683871813,0.00126130668925466,0.000507908733928052,"AKT1/BCL2/MAPK14",3
"Environmental Information Processing","Signal transduction","hsa04152","AMPK signaling pathway","3/9","122/9399",0.0245901639344262,25.6803278688525,8.49441042127214,0.000169302911309351,0.00126130668925466,0.000507908733928052,"AKT1/PPARG/SIRT1",3
"Organismal Systems","Immune system","hsa04660","T cell receptor signaling pathway","3/9","122/9399",0.0245901639344262,25.6803278688525,8.49441042127214,0.000169302911309351,0.00126130668925466,0.000507908733928052,"AKT1/MAPK14/PTPRC",3
"Environmental Information Processing","Signal transduction","hsa04071","Sphingolipid signaling pathway","3/9","125/9399",0.024,25.064,8.38485310502547,0.000181947744914546,0.00129096257106035,0.000519850699755845,"AKT1/BCL2/MAPK14",3
"Organismal Systems","Endocrine system","hsa04926","Relaxin signaling pathway","3/9","130/9399",0.0230769230769231,24.1,8.21057162268956,0.000204364674083728,0.00138410620174889,0.000557358202046532,"AKT1/MAPK14/MMP9",3
"Environmental Information Processing","Signal transduction","hsa04068","FoxO signaling pathway","3/9","133/9399",0.0225563909774436,23.5563909774436,8.11064635076219,0.000218640839734263,0.00141641239653936,0.000570367408002425,"AKT1/MAPK14/SIRT1",3
"Human Diseases","Infectious disease: bacterial","hsa05135","Yersinia infection","3/9","138/9399",0.0217391304347826,22.7028985507246,7.95123373790761,0.000243851520223044,0.00148469786271674,0.000597864911161104,"AKT1/CASP1/MAPK14",3
"Organismal Systems","Endocrine system","hsa04915","Estrogen signaling pathway","3/9","139/9399",0.0215827338129496,22.5395683453237,7.92036291195011,0.00024911037965046,0.00148469786271674,0.000597864911161104,"AKT1/BCL2/MMP9",3
"Organismal Systems","Development and regeneration","hsa04380","Osteoclast differentiation","3/9","142/9399",0.0211267605633803,22.0633802816901,7.82966693212728,0.000265328675686444,0.00152053741066462,0.000612296943891794,"AKT1/MAPK14/PPARG",3
"Human Diseases","Endocrine and metabolic disease","hsa04936","Alcoholic liver disease","3/9","144/9399",0.0208333333333333,21.7569444444444,7.77074461932196,0.000276513538686789,0.00152594508386413,0.000614474530415087,"AKT1/MAPK14/SIRT1",3
"Organismal Systems","Circulatory system","hsa04261","Adrenergic signaling in cardiomyocytes","3/9","154/9399",0.0194805194805195,20.3441558441558,7.49312304065604,0.000337045670857656,0.00177184124917789,0.00071349312047432,"AKT1/BCL2/MAPK14",3
"Cellular Processes","Cell growth and death","hsa04218","Cellular senescence","3/9","157/9399",0.0191082802547771,19.9554140127389,7.41491705903346,0.00035674656023716,0.00177184124917789,0.00071349312047432,"AKT1/MAPK14/SIRT1",3
"Human Diseases","Endocrine and metabolic disease","hsa04932","Non-alcoholic fatty liver disease","3/9","157/9399",0.0191082802547771,19.9554140127389,7.41491705903346,0.00035674656023716,0.00177184124917789,0.00071349312047432,"AKT1/MAPK14/PPARG",3
"Human Diseases","Infectious disease: bacterial","hsa05152","Tuberculosis","3/9","181/9399",0.0165745856353591,17.3093922651934,6.85906459375948,0.000541715232777191,0.00260372805431617,0.00104848109569779,"AKT1/BCL2/MAPK14",3
"Organismal Systems","Immune system","hsa04621","NOD-like receptor signaling pathway","3/9","187/9399",0.0160427807486631,16.7540106951872,6.73660608932274,0.000595981803476595,0.00277504027243789,0.00111746588151862,"BCL2/CASP1/MAPK14",3
"Organismal Systems","Immune system","hsa04613","Neutrophil extracellular trap formation","3/9","195/9399",0.0153846153846154,16.0666666666667,6.58191636800376,0.000673626972297111,0.0029965078489032,0.00120664745593417,"AKT1/CASP1/MAPK14",3
"Human Diseases","Infectious disease: viral","hsa05167","Kaposi sarcoma-associated herpesvirus infection","3/9","196/9399",0.0153061224489796,15.984693877551,6.56322629660523,0.000683766891696031,0.0029965078489032,0.00120664745593417,"AKT1/MAPK14/PTGS2",3
"Human Diseases","Cancer: overview","hsa05205","Proteoglycans in cancer","3/9","204/9399",0.0147058823529412,15.3578431372549,6.4185155856896,0.000768442784461758,0.00313897828923038,0.00126401810304579,"AKT1/MAPK14/MMP9",3
"Human Diseases","Infectious disease: viral","hsa05169","Epstein-Barr virus infection","3/9","205/9399",0.0146341463414634,15.2829268292683,6.40100359459381,0.00077947783021157,0.00313897828923038,0.00126401810304579,"AKT1/BCL2/MAPK14",3
"Human Diseases","Cardiovascular disease","hsa05415","Diabetic cardiomyopathy","3/9","205/9399",0.0146341463414634,15.2829268292683,6.40100359459381,0.00077947783021157,0.00313897828923038,0.00126401810304579,"AKT1/MAPK14/MMP9",3
"Human Diseases","Infectious disease: viral","hsa05170","Human immunodeficiency virus 1 infection","3/9","214/9399",0.014018691588785,14.6401869158878,6.24875945543612,0.00088340549387281,0.00346387943650128,0.00139485077979917,"AKT1/BCL2/MAPK14",3
"Human Diseases","Infectious disease: viral","hsa05163","Human cytomegalovirus infection","3/9","227/9399",0.013215859030837,13.8017621145374,6.04445066583285,0.00104860517775436,0.00400620952526667,0.00161323873500671,"AKT1/MAPK14/PTGS2",3
"Organismal Systems","Endocrine system","hsa04923","Regulation of lipolysis in adipocytes","2/9","59/9399",0.0338983050847458,35.4011299435028,8.20599889838152,0.00135569763787225,0.00504997370107415,0.00203354645680838,"AKT1/PTGS2",2
"Organismal Systems","Aging","hsa04213","Longevity regulating pathway - multiple species","2/9","62/9399",0.032258064516129,33.6881720430108,7.99445715505179,0.00149608587698434,0.00543699501635773,0.00218939396631855,"AKT1/SIRT1",2
"Organismal Systems","Immune system","hsa04664","Fc epsilon RI signaling pathway","2/9","69/9399",0.0289855072463768,30.2705314009662,7.55475716906171,0.00184961466490078,0.00656172821595753,0.00264230666414397,"AKT1/MAPK14",2
"Organismal Systems","Endocrine system","hsa04917","Prolactin signaling pathway","2/9","71/9399",0.028169014084507,29.4178403755869,7.44101457240166,0.00195725624220664,0.00678212046718114,0.00273105522168368,"AKT1/MAPK14",2
"Human Diseases","Drug resistance: antineoplastic","hsa01524","Platinum drug resistance","2/9","75/9399",0.0266666666666667,27.8488888888889,7.22706558331451,0.00218132472063242,0.0073867587130507,0.0029745337099533,"AKT1/BCL2",2
"Human Diseases","Infectious disease: bacterial","hsa05133","Pertussis","2/9","78/9399",0.0256410256410256,26.7777777777778,7.07730157118827,0.00235702754861823,0.00763471966835037,0.00307438375906726,"CASP1/MAPK14",2
"Human Diseases","Infectious disease: parasitic","hsa05140","Leishmaniasis","2/9","78/9399",0.0256410256410256,26.7777777777778,7.07730157118827,0.00235702754861823,0.00763471966835037,0.00307438375906726,"MAPK14/PTGS2",2
"Human Diseases","Drug resistance: antineoplastic","hsa01521","EGFR tyrosine kinase inhibitor resistance","2/9","80/9399",0.025,26.1083333333333,6.98207327303836,0.00247778937473487,0.00785511950713822,0.00316313537200197,"AKT1/BCL2",2
"Human Diseases","Cancer: specific types","hsa05210","Colorectal cancer","2/9","87/9399",0.0229885057471264,24.007662835249,6.67447062437377,0.00292316157431227,0.009073980720261,0.00365395196789033,"AKT1/BCL2",2
"Human Diseases","Cancer: overview","hsa05235","PD-L1 expression and PD-1 checkpoint pathway in cancer","2/9","90/9399",0.0222222222222222,23.2074074074074,6.55350716397472,0.0031247803781334,0.00950188319065055,0.00382626168751029,"AKT1/MAPK14",2
"Organismal Systems","Immune system","hsa04666","Fc gamma R-mediated phagosome formation","2/9","98/9399",0.0204081632653061,21.312925170068,6.25787470161398,0.00369365458869264,0.0110070906743041,0.00443238550643117,"AKT1/PTPRC",2
"Human Diseases","Infectious disease: parasitic","hsa05142","Chagas disease","2/9","103/9399",0.0194174757281553,20.2783171521036,6.09040052796696,0.00407207185725009,0.0118871810190824,0.00478678430298621,"AKT1/MAPK14",2
"Human Diseases","Neurodegenerative disease","hsa05014","Amyotrophic lateral sclerosis","3/9","368/9399",0.00815217391304348,8.51358695652174,4.55207578833954,0.00419275927341196,0.0118871810190824,0.00478678430298621,"BCL2/CASP1/MAPK14",3
"Environmental Information Processing","Signal transduction","hsa04064","NF-kappa B signaling pathway","2/9","105/9399",0.019047619047619,19.8920634920635,6.02669052735958,0.00422832613430448,0.0118871810190824,0.00478678430298621,"BCL2/PTGS2",2
"Organismal Systems","Endocrine system","hsa04922","Glucagon signaling pathway","2/9","107/9399",0.0186915887850467,19.5202492211838,5.96472318943824,0.00438735999183546,0.0121058636811756,0.00487484443537274,"AKT1/SIRT1",2
"Organismal Systems","Immune system","hsa04620","Toll-like receptor signaling pathway","2/9","109/9399",0.018348623853211,19.1620795107034,5.90441865230579,0.00454916465217684,0.012105866508248,0.00487484557379116,"AKT1/MAPK14",2
"Environmental Information Processing","Signal transduction","hsa04066","HIF-1 signaling pathway","2/9","110/9399",0.0181818181818182,18.9878787878788,5.87486636851865,0.0046311032951016,0.012105866508248,0.00487484557379116,"AKT1/BCL2",2
"Organismal Systems","Endocrine system","hsa04914","Progesterone-mediated oocyte maturation","2/9","110/9399",0.0181818181818182,18.9878787878788,5.87486636851865,0.0046311032951016,0.012105866508248,0.00487484557379116,"AKT1/MAPK14",2
"Organismal Systems","Nervous system","hsa04725","Cholinergic synapse","2/9","115/9399",0.0173913043478261,18.1623188405797,5.73275655021095,0.00505111593218741,0.0129735429183792,0.00522424547048828,"AKT1/BCL2",2
"Organismal Systems","Immune system","hsa04670","Leukocyte transendothelial migration","2/9","116/9399",0.0172413793103448,18.0057471264368,5.70540811106438,0.00513717471264681,0.0129735429183792,0.00522424547048828,"MAPK14/MMP9",2
"Organismal Systems","Endocrine system","hsa04935","Growth hormone synthesis, secretion and action","2/9","122/9399",0.0163934426229508,17.120218579235,5.54821448970504,0.00566782988226295,0.0140751108742863,0.00566782988226295,"AKT1/MAPK14",2
"Organismal Systems","Immune system","hsa04611","Platelet activation","2/9","126/9399",0.0158730158730159,16.5767195767196,5.44950835908087,0.00603514203264784,0.0147415764404021,0.00593620527801427,"AKT1/MAPK14",2
"Organismal Systems","Nervous system","hsa04728","Dopaminergic synapse","2/9","133/9399",0.0150375939849624,15.7042606516291,5.28724023776909,0.00670377161331882,0.0161106769416856,0.00648752091611499,"AKT1/MAPK14",2
"Human Diseases","Infectious disease: viral","hsa05162","Measles","2/9","136/9399",0.0147058823529412,15.3578431372549,5.22142453256319,0.007000317014536,0.0165308274182732,0.00665670902749258,"AKT1/BCL2",2
"Cellular Processes","Cell growth and death","hsa04210","Apoptosis","2/9","137/9399",0.0145985401459854,15.2457420924574,5.19994980849154,0.00710048962932542,0.0165308274182732,0.00665670902749258,"AKT1/BCL2",2
"Cellular Processes","Cellular community - eukaryotes","hsa04550","Signaling pathways regulating pluripotency of stem cells","2/9","144/9399",0.0138888888888889,14.5046296296296,5.05570693756265,0.00782012680622063,0.0179261368327211,0.0072185785903575,"AKT1/MAPK14",2
"Organismal Systems","Nervous system","hsa04723","Retrograde endocannabinoid signaling","2/9","149/9399",0.0134228187919463,14.0178970917226,4.95871651523397,0.00835376086447087,0.0188194443382983,0.00757829973354294,"MAPK14/PTGS2",2
"Human Diseases","Cancer: specific types","hsa05226","Gastric cancer","2/9","150/9399",0.0133333333333333,13.9244444444444,4.9398789043916,0.00846243470245629,0.0188194443382983,0.00757829973354294,"AKT1/BCL2",2
"Human Diseases","Neurodegenerative disease","hsa05022","Pathways of neurodegeneration - multiple diseases","3/9","480/9399",0.00625,6.52708333333333,3.84826285026701,0.00882454806639746,0.019336142086665,0.00778636594093893,"BCL2/MAPK14/PTGS2",3
"Cellular Processes","Cell growth and death","hsa04217","Necroptosis","2/9","168/9399",0.0119047619047619,12.4325396825397,4.62891452921508,0.0105281111906256,0.0223476727196753,0.00899906284013769,"BCL2/CASP1",2
"Environmental Information Processing","Signal transduction","hsa04630","JAK-STAT signaling pathway","2/9","168/9399",0.0119047619047619,12.4325396825397,4.62891452921508,0.0105281111906256,0.0223476727196753,0.00899906284013769,"AKT1/BCL2",2
"Cellular Processes","Transport and catabolism","hsa04140","Autophagy - animal","2/9","169/9399",0.0118343195266272,12.3589743589744,4.61304615537742,0.0106488910274963,0.0223476727196753,0.00899906284013769,"AKT1/BCL2",2
"Human Diseases","Infectious disease: viral","hsa05164","Influenza A","2/9","173/9399",0.0115606936416185,12.0732177263969,4.55089006689707,0.011138267911671,0.0230500266505414,0.00928188992639252,"AKT1/CASP1",2
"Human Diseases","Infectious disease: viral","hsa05168","Herpes simplex virus 1 infection","2/9","180/9399",0.0111111111111111,11.6037037037037,4.44690762349662,0.0120186107992471,0.0245311371107921,0.00987831024595654,"AKT1/BCL2",2
"Human Diseases","Infectious disease: bacterial","hsa05130","Pathogenic Escherichia coli infection","2/9","200/9399",0.01,10.4433333333333,4.17903671953955,0.0146988776087564,0.0294805611174123,0.0118713668929177,"CASP1/MAPK14",2
"Human Diseases","Cancer: overview","hsa05202","Transcriptional misregulation in cancer","2/9","201/9399",0.00995024875621891,10.3913764510779,4.1666474422294,0.0148392086161472,0.0294805611174123,0.0118713668929177,"MMP9/PPARG",2
"Cellular Processes","Cellular community - eukaryotes","hsa04510","Focal adhesion","2/9","203/9399",0.00985221674876847,10.2889983579639,4.14212883327035,0.0151216526060611,0.0296463978724092,0.0119381467942587,"AKT1/BCL2",2
"Environmental Information Processing","Signal transduction","hsa04015","Rap1 signaling pathway","2/9","212/9399",0.00943396226415094,9.85220125786164,4.0358826546058,0.0164218561235453,0.0317773579533538,0.0127962515248405,"AKT1/MAPK14",2
"Human Diseases","Cancer: overview","hsa05207","Chemical carcinogenesis - receptor activation","2/9","217/9399",0.00921658986175115,9.62519201228879,3.97957023268299,0.0171646568557462,0.0327888957885409,0.0132035821967279,"AKT1/BCL2",2
"Human Diseases","Cancer: overview","hsa05208","Chemical carcinogenesis - reactive oxygen species","2/9","227/9399",0.00881057268722467,9.20117474302496,3.87224787436069,0.0186935222489332,0.0352574027226715,0.0141976118346328,"AKT1/MAPK14",2
"Organismal Systems","Environmental adaptation","hsa04714","Thermogenesis","2/9","235/9399",0.00851063829787234,8.88794326241135,3.7910660228295,0.0199576089777957,0.0371710467211446,0.0149682067333468,"MAPK14/PPARG",2
"Human Diseases","Infectious disease: viral","hsa05171","Coronavirus disease","2/9","239/9399",0.00836820083682008,8.73919107391911,3.75191474844591,0.0206031464804383,0.0378996151306829,0.0152615899855099,"CASP1/MAPK14",2
