Taxon,K1,K2,K3,K4,K5,K6,M1,M2,M3,M4,M5,M6,Y1,Y2,Y3,Y4,Y5,Y6,Z1,Z2,Z3,Z4,Z5,Z6
Unassigned,0.100620707717,0.0997634905399,0.0932365153981,0.0961771325843,0.0940691610419,0.0642896934862,0.0939142793336,0.0967969603436,0.096651694576,0.101884532302,0.0940364758045,0.0943030549326,0.0807817033407,0.0853346819652,0.082986983636,0.105388135244,0.0705391232429,0.0685025838952,0.0997638127258,0.111699498285,0.109753729875,0.10699760271,0.0987260604772,0.094552577973
Abditibacteriota,0,0,0,0,0,0,0,0,0,0,0,0,0,3.51206217755e-07,6.09994330103e-07,1.47132389724e-06,0,0,0,0,0,0,0,0
Acidobacteria,3.86642874755e-05,3.99172084511e-05,5.09640132462e-05,5.22093907181e-05,4.69106227542e-05,1.31343363909e-05,7.43613175773e-05,5.52325338294e-05,7.4356481828e-05,6.916033002e-05,6.65116927721e-05,6.10990038045e-05,0.00013220698607,0.000138902059122,4.71220620004e-05,0.000102109878469,0.000104192964722,0.000167330810231,3.53329639227e-05,8.14764104097e-05,4.96182682435e-05,3.26401021987e-05,3.26534331668e-05,4.07601489497e-05
Actinobacteria,0.00224179915872,0.00214616093193,0.00238952150019,0.00225475175674,0.00223891608599,0.00415573606903,0.00841908795246,0.00561252004853,0.00700041490917,0.010365573028,0.00302884016316,0.00270473140473,0.00348632635182,0.00260682815129,0.0021145453453,0.00254906865197,0.00209455406221,0.00158220032001,0.0164814687098,0.00796010066435,0.0175128053661,0.0188609575166,0.0222782983764,0.0105887991765
Aquificae,2.38916116005e-05,2.13842188131e-05,2.01615876578e-05,2.41220602685e-05,1.89064025039e-05,1.47360847312e-05,1.60199623077e-05,9.72403764603e-06,1.71846091336e-05,1.75308914535e-05,1.74943906547e-05,1.49666147648e-05,3.65678897641e-06,5.26809326632e-07,8.23492345639e-06,3.38404496366e-06,2.91675484449e-06,7.03345536651e-06,5.7755806412e-06,2.21770111174e-05,2.19899143352e-05,8.1181792648e-05,8.17095211336e-05,6.87520584694e-06
Armatimonadetes,1.24017525865e-05,1.3645168195e-05,5.60044101606e-07,1.32175672704e-06,1.56368742514e-06,1.12122383824e-06,1.27920594546e-05,6.41786484638e-06,1.25579835976e-05,1.34853011181e-05,1.10577752251e-05,1.1092902708e-05,0.000441486946037,0.000518204774297,9.18041466805e-05,0.000178618721125,0.000138383813177,1.97918162639e-05,3.22753035832e-06,8.03514895559e-07,8.26971137392e-06,3.84985820805e-06,3.94878726668e-06,4.25607981001e-06
Artverviricota,3.28281686113e-06,1.42561458754e-06,9.3340683601e-07,8.42619913488e-06,2.70091464342e-06,2.01820290884e-05,7.8426084133e-05,0.000247185036962,0.000105916677448,0.000276063378603,0.000118829823315,0.000129593276081,1.25174699577e-05,1.73847077789e-05,0.000271294978313,5.88529558897e-07,2.26858710127e-06,6.21561171924e-06,0.000387643383036,2.95693481566e-05,0.000147163272859,0.000173076234223,1.54913962001e-05,0.00029612493755
Ascomycota,1.24017525865e-05,1.18122351539e-05,1.53078721106e-05,2.37916210867e-05,1.52104140445e-05,2.56279734456e-06,1.2194299667e-05,8.5571531285e-06,8.75754119308e-06,9.05441646501e-06,8.41711248481e-06,1.09168248873e-05,0,7.0241243551e-07,6.86243621366e-06,4.41397169173e-07,4.86125807414e-07,6.54274917815e-07,2.17433624139e-05,1.62310008903e-05,1.8043006634e-05,9.03879753194e-06,6.37881020002e-06,2.1771485182e-05
Atribacterota,8.38942086733e-06,7.33173216449e-06,5.97380375047e-06,5.7826856808e-06,5.54398268913e-06,2.24244767649e-06,9.80326051663e-06,3.50065355257e-06,8.92277781936e-06,7.7058863532e-06,7.59190537845e-06,8.45173539659e-06,0.000208436971656,0.000272009215651,3.11097108352e-05,7.51846511491e-05,4.84505388056e-05,8.34200520214e-06,2.03844022631e-06,2.55517736788e-05,1.93586425344e-05,8.33577994612e-05,8.41395440669e-05,3.43760292347e-06
Bacteroidetes,0.41200792399,0.387845983932,0.426506252612,0.509132595496,0.462715152728,0.308817880893,0.499186209825,0.473368875339,0.475630984974,0.49256141158,0.512603305615,0.512990933577,0.00647673586015,0.00606339974643,0.00438509674053,0.00916502368831,0.00366068937177,0.0418457880561,0.368258665834,0.304987738363,0.360477282633,0.1676372215,0.104323770181,0.36261914568
Balneolaeota,6.74801243677e-06,6.92441371091e-06,1.62412789466e-05,1.30523476795e-05,1.12301187805e-05,3.52384634877e-06,5.26028613087e-06,2.91721129381e-06,5.61804529367e-06,5.58676760607e-06,5.6114083232e-06,4.40194551906e-06,1.1251658389e-06,5.26809326632e-07,9.14991495154e-07,1.17705911779e-06,3.2408387161e-07,1.30854983563e-06,3.90701043376e-06,3.85687149868e-06,2.81921978656e-06,1.6738513948e-06,4.55629300002e-07,3.43760292347e-06
Basidiomycota,9.11893572536e-07,5.09148066979e-06,1.43744652746e-05,1.32175672704e-05,5.40182928684e-06,4.80524502105e-06,4.42342242823e-06,1.2252287434e-05,5.12233541482e-06,1.0210299418e-05,9.90248527624e-06,1.74317042555e-05,0,4.74128393969e-06,1.23523851846e-05,2.20698584586e-06,9.56047421248e-06,0,2.49708927723e-05,7.71374299737e-06,6.39023151621e-06,1.18843449031e-05,1.68582841001e-05,1.35867163166e-05
Blastocladiomycota,0,0,2.24017640642e-06,9.9131754528e-07,5.68613609141e-07,0,0,2.13928828213e-06,6.60946505138e-07,4.81617897075e-06,8.25207106354e-07,1.58470038686e-06,0,7.0241243551e-07,5.79494613598e-06,0,0,0,5.26597058463e-06,9.64217874671e-07,0,2.00862167376e-06,6.07505733335e-07,4.91086131924e-07
Caldiserica,1.09427228704e-06,1.22195536075e-06,5.60044101606e-07,1.15653713616e-06,1.42153402285e-06,0,0,7.77923011682e-07,2.64378602055e-06,1.34853011181e-06,8.25207106354e-07,7.04311283049e-07,0,5.26809326632e-07,0,0,4.86125807414e-06,4.90706188361e-07,1.18909013201e-06,8.03514895559e-07,0,1.17169597636e-06,0,1.14586764116e-06
Calditrichaeota,5.47136143522e-07,6.10977680374e-07,1.15742447665e-05,1.80089354059e-05,1.23673459988e-05,2.88314701263e-06,2.03238327784e-06,0,2.47854939427e-06,1.34853011181e-06,1.48537279144e-06,1.23254474534e-06,1.68774875834e-06,5.26809326632e-07,2.13498015536e-06,7.35661948621e-07,6.643719368e-06,2.1263934829e-06,2.54805028288e-06,8.03514895559e-07,1.16527751178e-05,3.34770278961e-06,4.25254013335e-06,2.45543065962e-06
Candidatus_Abawacabacteria,1.09427228704e-06,4.07318453583e-07,0,0,0,6.40699336139e-07,3.10835089552e-06,3.69513430549e-06,3.13949589941e-06,2.69706022362e-06,2.97074558287e-06,3.34547859448e-06,0,1.96675481943e-05,1.92148213982e-05,1.29476502957e-05,4.09966097586e-05,3.27137458907e-07,0,3.85687149868e-06,0,0,4.55629300002e-07,9.82172263848e-07
Candidatus_Absconditabacteria,7.29514858029e-06,6.92441371091e-06,9.3340683601e-07,6.6087836352e-07,1.70584082742e-06,0,5.97759787599e-06,1.82811907745e-05,4.46138890968e-06,5.39412044724e-06,9.07727816989e-06,1.23254474534e-05,5.62582919448e-07,0,0,0,0,4.90706188361e-07,0,6.10671320625e-06,1.12768791463e-06,1.00431083688e-06,3.03752866668e-07,0
Candidatus_Abyssubacteria,0,0,0,0,0,0,7.17311745119e-07,0,8.26183131422e-07,1.15588295298e-06,6.60165685083e-07,5.28233462287e-07,0,0,4.57495747577e-07,0,0,0,5.09610056577e-07,4.82108937335e-07,0,0,4.55629300002e-07,6.54781509232e-07
Candidatus_Aenigmarchaeota,2.73568071761e-06,3.05488840187e-06,2.80022050803e-06,1.32175672704e-06,1.84799422971e-06,9.61049004209e-07,9.92281247415e-06,8.36267237558e-06,7.60088480909e-06,6.16470908256e-06,7.09678111464e-06,1.00364357835e-05,8.72003525145e-06,8.78015544387e-07,3.96496314567e-06,1.42718418033e-05,2.39822064991e-05,1.66840104043e-05,2.03844022631e-06,1.54274859947e-05,6.39023151621e-06,5.35632446337e-06,4.25254013335e-06,1.14586764116e-06
Candidatus_Aerophobetes,1.09427228704e-06,2.4439107215e-06,5.41375964886e-06,4.79136813552e-06,5.11752248227e-06,9.61049004209e-07,1.43462349024e-06,7.77923011682e-07,2.31331276798e-06,1.9264715883e-06,8.25207106354e-07,7.04311283049e-07,4.21937189586e-07,1.05361865326e-06,1.98248157283e-06,1.91272106642e-06,3.2408387161e-07,0,1.52883016973e-06,6.42811916447e-07,0,0,6.07505733335e-07,1.30956301846e-06
Candidatus_Altiarchaeota,2.5533020031e-06,1.83293304112e-06,7.65393605528e-06,1.1069712589e-05,1.22251925965e-05,1.44157350631e-06,1.55417544776e-06,2.33376903505e-06,1.98283951541e-06,2.11911874713e-06,2.64066274033e-06,4.04978987753e-06,0,0,0,0,1.13429355063e-06,4.90706188361e-07,3.22753035832e-06,4.82108937335e-06,4.88664763004e-06,1.33908111584e-06,7.59382166669e-07,6.2204243377e-06
Candidatus_Amesbacteria,3.82995300465e-06,3.25854762866e-06,0,0,0,4.16454568491e-06,4.90163025831e-06,2.72273054089e-06,4.95709878853e-06,5.58676760607e-06,5.11628405939e-06,4.75410116058e-06,0,0,0,0,0,0,1.86857020745e-06,4.66038639424e-06,3.75895971542e-07,0,0,1.30956301846e-06
Candidatus_Aminicenantes,0,8.14636907166e-07,3.17358324244e-06,3.80005059024e-06,2.41660783885e-06,2.72297217859e-06,8.36863702639e-07,3.88961505841e-07,3.30473252569e-07,5.7794147649e-07,9.90248527624e-07,0,2.67226886738e-06,3.51206217755e-07,9.14991495154e-07,9.56360533208e-06,9.72251614829e-07,4.90706188361e-07,6.79480075436e-07,0,7.51791943083e-07,1.00431083688e-06,1.97439363334e-06,0
Candidatus_Aureabacteria,5.47136143522e-07,1.01829613396e-06,0,0,0,0,0,0,0,0,0,0,0,0,0,0,0,0,0,0,0,0,0,0
Candidatus_Azambacteria,1.82378714507e-06,8.14636907166e-07,0,0,0,0,1.43462349024e-06,5.83442258762e-07,1.98283951541e-06,3.8529431766e-07,1.81545563398e-06,0,0,0,0,0,0,0,8.49350094295e-07,2.89265362401e-06,0,0,0,4.91086131924e-07
Candidatus_Bathyarchaeota,3.44695770419e-05,3.2178157833e-05,8.02729878969e-06,5.7826856808e-06,8.10274393026e-06,8.00874170174e-05,1.01619163892e-05,8.5571531285e-06,7.27041155652e-06,8.47647498852e-06,7.59190537845e-06,9.3321245004e-06,0.000218563464206,0.000282896608402,3.73621527188e-05,8.53367860401e-05,4.6506035576e-05,1.25947921679e-05,3.56727039604e-06,1.06063966214e-05,2.91319377945e-05,1.33908111584e-06,0,4.74716594193e-06
Candidatus_Beckwithbacteria,2.73568071761e-06,4.07318453583e-06,0,3.3043918176e-07,0,0,2.988798938e-06,5.25098032886e-06,2.31331276798e-06,1.73382442947e-06,3.9609941105e-06,4.04978987753e-06,0,0,0,0,0,3.27137458907e-07,0,1.28562383289e-06,7.51791943083e-07,5.02155418441e-07,0,0
Candidatus_Berkelbacteria,2.42563690295e-05,2.21988557203e-05,7.46725468808e-07,4.9565877264e-07,0,8.00874170174e-07,2.24757680137e-05,1.08909221636e-05,1.99936317804e-05,2.06132459948e-05,1.65041421271e-05,1.7783859897e-05,0,0,0,0,0,0,2.54805028288e-06,3.26227047597e-05,1.95465905202e-05,9.03879753194e-06,7.89757453336e-06,2.45543065962e-06
Candidatus_Bipolaricaulota,9.11893572536e-07,1.22195536075e-06,5.60044101606e-07,1.6521959088e-07,9.95073815997e-07,3.2034966807e-06,8.36863702639e-07,0,4.95709878853e-07,3.8529431766e-07,9.90248527624e-07,0,1.1251658389e-06,7.0241243551e-07,1.37248724273e-06,5.73816319925e-06,4.86125807414e-06,8.17843647269e-07,0,3.21405958224e-07,0,8.36925697402e-07,9.11258600003e-07,1.63695377308e-07
Candidatus_Blackallbacteria,0,0,0,0,5.68613609141e-07,0,0,0,0,0,0,0,4.21937189586e-07,0,0,0,0,0,2.54805028288e-06,1.60702979112e-06,0,0,0,3.11021216885e-06
Candidatus_Brennerbacteria,2.00616585958e-06,1.62927381433e-06,0,0,0,0,1.87696573306e-05,1.94480752921e-06,2.39593108113e-05,2.1576481789e-05,1.98049705525e-05,1.848817118e-05,0,0,0,0,0,0,1.18909013201e-06,1.09278025796e-05,0,1.15495746241e-05,1.03275974667e-05,8.1847688654e-07
Candidatus_Buchananbacteria,4.01233171916e-06,4.48050298941e-06,2.98690187523e-06,4.79136813552e-06,3.98029526399e-06,1.28139867228e-06,6.57535766359e-06,2.33376903505e-06,4.62662553597e-06,3.27500170011e-06,4.62115979558e-06,3.52155641525e-06,0,0,0,0,0,3.27137458907e-07,1.18909013201e-06,5.62460426891e-06,1.87947985771e-06,2.51077709221e-06,1.97439363334e-06,3.11021216885e-06
Candidatus_Campbellbacteria,1.02132080124e-05,9.77564288599e-06,1.12008820321e-06,0,5.68613609141e-07,3.2034966807e-07,5.73849396095e-06,0,6.11375517253e-06,5.20147328841e-06,4.45611837431e-06,4.57802333982e-06,0,0,0,0,0,0,0,2.84444273028e-05,2.63127180079e-06,0,0,6.54781509232e-07
Candidatus_Cerribacteria,0,0,0,0,0,0,1.1955195752e-06,8.75163388143e-06,1.15665638399e-06,7.7058863532e-07,3.13578700414e-06,2.99332295296e-06,0,0,0,0,0,0,0,1.76773277023e-06,0,0,0,0
Candidatus_Cloacimonetes,1.1489859014e-05,1.05902797932e-05,1.51211907434e-05,1.75132766333e-05,1.66319480674e-05,8.48926620385e-06,5.61894200343e-06,5.25098032886e-06,6.27899179881e-06,5.7794147649e-06,4.45611837431e-06,5.63449026439e-06,2.25033167779e-06,0,6.09994330103e-07,0,6.643719368e-06,9.81412376722e-07,6.79480075436e-07,3.90508239242e-05,2.25537582925e-06,3.68247306857e-06,3.18940510001e-06,1.80064915039e-06
Candidatus_Coatesbacteria,0,0,0,0,0,0,0,0,0,0,0,0,0,0,0,0,0,4.90706188361e-07,1.69870018859e-07,0,1.3156359004e-06,1.50646625532e-06,7.59382166669e-07,4.91086131924e-07
Candidatus_Collierbacteria,1.27665100155e-06,4.27684376262e-06,9.3340683601e-07,0,0,3.52384634877e-06,2.63014306544e-06,1.16688451752e-06,1.81760288913e-06,1.54117727064e-06,2.31057989779e-06,1.93685602839e-06,0,0,0,0,0,3.27137458907e-07,1.69870018859e-07,6.42811916447e-07,4.13485568696e-06,1.17169597636e-06,1.06313503334e-06,0
Candidatus_Colwellbacteria,0,2.03659226791e-07,0,0,0,0,0,0,0,0,0,0,0,0,0,0,0,0,3.39740037718e-07,0,0,0,0,0
Candidatus_Cryosericota,1.27665100155e-06,2.03659226791e-06,8.02729878969e-06,6.93922281696e-06,7.24982351655e-06,0,3.34745481056e-06,2.91721129381e-06,2.1480761417e-06,1.9264715883e-07,1.81545563398e-06,3.52155641525e-07,1.1251658389e-05,1.08873927504e-05,1.12848951069e-05,1.22119883471e-05,5.02330000995e-06,4.74349315416e-06,3.7371404149e-06,6.42811916447e-06,4.69869964427e-06,7.53233127662e-06,6.22693376669e-06,8.67585499733e-06
Candidatus_Curtissbacteria,1.07603441559e-05,1.09975982467e-05,0,0,4.26460206856e-07,0,3.10835089552e-06,1.75032677629e-06,3.46996915197e-06,1.9264715883e-06,3.46586984668e-06,2.11293384915e-06,0,0,0,0,0,0,1.18909013201e-06,1.60702979112e-06,0,8.36925697402e-07,1.51876433334e-07,1.9643445277e-06
Candidatus_Dadabacteria,2.18854457409e-06,2.85122917508e-06,5.60044101606e-07,4.9565877264e-07,1.56368742514e-06,0,3.5865587256e-07,7.77923011682e-07,0,0,0,0,0,0,0,0,0,0,0,4.33898043602e-06,0,1.50646625532e-06,1.82251720001e-06,4.91086131924e-07
Candidatus_Daviesbacteria,5.1066040062e-06,6.31343603054e-06,3.17358324244e-06,1.98263509056e-06,1.70584082742e-06,0,5.97759787599e-06,6.6123455993e-06,4.46138890968e-06,5.7794147649e-06,6.7666982721e-06,5.45841244363e-06,0,7.0241243551e-07,3.04997165051e-07,5.88529558897e-07,9.72251614829e-07,0,5.09610056577e-07,9.32077278849e-06,5.07459561581e-06,4.18462848701e-06,1.51876433334e-06,2.61912603693e-06
Candidatus_Delongbacteria,0,0,0,0,0,0,0,0,0,0,0,0,0,0,0,0,0,6.54274917815e-07,8.49350094295e-07,1.60702979112e-06,0,5.02155418441e-07,0,0
Candidatus_Desantisbacteria,3.64757429015e-07,4.07318453583e-07,0,0,0,0,0,0,0,0,0,0,0,0,0,4.41397169173e-07,0,0,0,0,0,8.36925697402e-07,1.51876433334e-06,0
Candidatus_Diapherotrites,0,0,0,0,0,0,4.78207830079e-07,0,6.60946505138e-07,7.7058863532e-07,3.30082842541e-07,5.28233462287e-07,0,0,0,0,0,0,0,9.64217874671e-07,0,0,0,0
Candidatus_Dormibacteraeota,0,6.10977680374e-07,0,0,0,0,0,0,0,0,0,0,0,0,0,0,0,0,3.39740037718e-07,0,5.63843957313e-07,1.17169597636e-06,4.55629300002e-07,8.1847688654e-07
Candidatus_Doudnabacteria,0,0,1.34410584385e-05,1.45393239974e-05,1.33624198148e-05,1.60174834035e-06,1.55417544776e-06,5.44546108178e-06,2.47854939427e-06,2.11911874713e-06,1.98049705525e-06,3.16940077372e-06,0,0,0,0,0,0,6.79480075436e-07,6.91022810181e-06,0,0,0,1.14586764116e-06
Candidatus_Edwardsbacteria,0,1.22195536075e-06,0,0,0,0,0,0,0,0,0,0,0,0,0,0,0,0,0,0,0,0,7.59382166669e-07,0
Candidatus_Eremiobacteraeota,0,0,7.46725468808e-07,1.15653713616e-06,9.95073815997e-07,0,0,0,0,0,0,0,0,0,0,0,0,0,0,0,0,0,0,0
Candidatus_Falkowbacteria,4.17647256222e-05,4.03245269047e-05,3.92030871124e-06,4.29570936288e-06,2.70091464342e-06,3.04332184666e-06,5.76240435246e-05,4.12299196192e-05,5.61804529367e-05,5.41338516312e-05,4.73668879047e-05,4.9653945455e-05,0,1.5804279799e-06,1.37248724273e-06,0,1.78246129385e-06,0,2.4121542678e-05,0.000126151838603,4.21003488127e-05,3.09662508039e-05,2.76415108668e-05,2.6027564992e-05
Candidatus_Fermentibacteria,7.29514858029e-07,0,1.12008820321e-06,0,9.95073815997e-07,0,1.1955195752e-06,0,8.26183131422e-07,7.7058863532e-07,4.95124263812e-07,7.04311283049e-07,3.23485178683e-06,7.90213989948e-06,7.62492912628e-07,5.88529558897e-07,3.56492258771e-06,6.54274917815e-06,5.09610056577e-07,9.64217874671e-07,0,3.34770278961e-07,0,8.1847688654e-07
Candidatus_Firestonebacteria,2.91805943212e-06,4.88782144299e-06,9.3340683601e-06,8.59141872576e-06,6.39690310284e-06,6.40699336139e-07,2.86924698048e-06,1.08909221636e-05,2.31331276798e-06,2.31176590596e-06,4.62115979558e-06,5.10625680211e-06,0,0,0,0,0,0,0,4.66038639424e-06,1.87947985771e-06,0,0,1.30956301846e-06
Candidatus_Fischerbacteria,1.27665100155e-06,1.22195536075e-06,0,0,4.26460206856e-07,0,0,0,0,0,0,0,0,0,0,0,0,0,1.69870018859e-06,3.21405958224e-07,0,1.6738513948e-06,9.11258600003e-07,2.61912603693e-06
Candidatus_Geothermarchaeota,0,0,0,0,2.84306804571e-07,4.80524502105e-07,5.97759787599e-07,7.77923011682e-07,3.30473252569e-07,0,0,7.04311283049e-07,0,0,0,0,0,0,0,0,7.51791943083e-07,0,0,0
Candidatus_Giovannonibacteria,0,6.10977680374e-07,0,0,0,0,5.97759787599e-07,1.65308639982e-05,0,7.7058863532e-07,5.28132548066e-06,6.86703500973e-06,0,3.51206217755e-07,1.02174050292e-05,7.35661948621e-07,1.4097648415e-05,4.41635569525e-06,1.18909013201e-06,2.41054468668e-06,9.77329526008e-06,4.01724334753e-06,3.18940510001e-06,1.63695377308e-06
Candidatus_Glassbacteria,9.11893572536e-07,6.10977680374e-07,0,0,0,4.80524502105e-07,9.56415660159e-07,1.16688451752e-06,9.91419757707e-07,7.7058863532e-07,8.25207106354e-07,5.28233462287e-07,6.89164076324e-05,9.09624103985e-05,9.45491211659e-06,2.57481682017e-05,1.55560258373e-05,2.78066840071e-06,0,0,0,0,0,0
Candidatus_Goldbacteria,7.29514858029e-07,6.10977680374e-07,5.60044101606e-07,1.15653713616e-06,0,0,5.97759787599e-07,1.55584602336e-06,8.26183131422e-07,7.7058863532e-07,6.60165685083e-07,1.05646692457e-06,0,0,0,0,0,0,0,0,0,0,0,3.27390754616e-07
Candidatus_Gottesmanbacteria,1.75083565927e-05,1.8532989638e-05,5.60044101606e-06,5.7826856808e-06,6.11259629827e-06,5.60611919122e-06,1.17160918369e-05,8.16819162266e-06,1.10708539611e-05,1.11735352121e-05,1.08927338039e-05,1.00364357835e-05,0,1.05361865326e-06,0,0,0,0,2.71792030174e-06,2.66766945326e-05,1.01491912316e-05,8.70402725298e-06,7.59382166669e-06,2.45543065962e-06
Candidatus_Gracilibacteria,8.20704215283e-06,7.53539139128e-06,8.9607056257e-06,1.63567394971e-05,1.42153402285e-05,6.8875178635e-06,1.54222025201e-05,1.90591137862e-05,1.85065021439e-05,1.42558897534e-05,1.63391007058e-05,1.848817118e-05,0,0,0,0,0,0,4.92623054691e-06,1.46239710992e-05,3.1951157581e-06,1.12148043452e-05,6.98631593336e-06,7.20259660155e-06
Candidatus_Gribaldobacteria,3.28281686113e-06,3.86952530904e-06,1.49345093762e-06,4.9565877264e-07,5.68613609141e-07,0,3.2876788318e-05,1.55584602336e-05,3.61868211563e-05,3.50617829071e-05,3.1687952884e-05,3.29265524825e-05,0,1.05361865326e-06,7.62492912628e-07,4.41397169173e-07,8.10209679024e-07,0,2.8877903206e-06,4.00150417988e-05,2.76283539083e-05,8.77098130877e-05,7.85201160336e-05,2.94651679154e-06
Candidatus_Handelsmanbacteria,5.47136143522e-07,6.10977680374e-07,0,0,0,9.61049004209e-07,1.67372740528e-06,9.72403764603e-07,1.65236626284e-06,9.6323579415e-07,1.65041421271e-06,8.80389103811e-07,0,0,0,4.41397169173e-07,0,0,0,8.03514895559e-07,1.69153187194e-06,0,0,0
Candidatus_Harrisonbacteria,1.27665100155e-06,8.14636907166e-07,3.73362734404e-07,0,7.10767011427e-07,6.40699336139e-07,1.91283132032e-06,0,1.98283951541e-06,1.73382442947e-06,0,8.80389103811e-07,0,0,0,0,0,0,0,0,0,0,0,0
Candidatus_Heimdallarchaeota,1.82378714507e-06,1.22195536075e-06,0,2.80873304496e-06,9.95073815997e-07,9.61049004209e-07,3.5865587256e-06,7.77923011682e-07,3.30473252569e-06,3.66029601777e-06,1.98049705525e-06,2.28901166991e-06,0,0,0,0,0,0,3.39740037718e-07,0,0,0,0,4.91086131924e-07
Candidatus_Huberarchaea,0,0,0,0,0,4.00437085087e-06,0,0,0,0,0,0,0,3.8632683953e-06,8.84491778649e-06,0,8.10209679024e-07,1.47211856508e-06,0,0,0,4.35201362649e-06,4.25254013335e-06,0
Candidatus_Hydrogenedentes,7.29514858029e-07,0,5.60044101606e-07,1.32175672704e-06,1.42153402285e-06,0,7.17311745119e-07,1.55584602336e-06,4.95709878853e-07,3.8529431766e-07,8.25207106354e-07,7.04311283049e-07,0,0,0,0,0,0,1.52883016973e-06,0,0,2.17600681324e-06,1.3668879e-06,1.14586764116e-06
Candidatus_Hydrothermae,2.5533020031e-06,4.48050298941e-06,0,3.3043918176e-07,0,4.32472051894e-06,2.27148719288e-06,3.88961505841e-07,2.31331276798e-06,1.54117727064e-06,9.90248527624e-07,7.04311283049e-07,2.25033167779e-05,1.54530735812e-05,1.73848384079e-05,0.000298090221581,2.56026258572e-05,5.00520312128e-05,5.09610056577e-07,4.82108937335e-07,5.63843957313e-07,3.01293251065e-06,3.49315796668e-06,4.91086131924e-07
Candidatus_Jorgensenbacteria,5.47136143522e-07,0,0,0,0,0,8.36863702639e-07,0,8.26183131422e-07,1.15588295298e-06,3.30082842541e-07,1.05646692457e-06,0,0,0,0,0,0,0,6.42811916447e-07,0,0,0,0
Candidatus_Kaiserbacteria,1.95145224523e-05,1.71073750505e-05,5.60044101606e-07,1.98263509056e-06,2.70091464342e-06,3.2034966807e-07,8.84684485647e-06,1.69198255041e-05,7.76612143537e-06,6.93529771788e-06,8.58215390608e-06,9.86035796269e-06,0,0,0,0,0,0,5.09610056577e-07,6.0424320146e-05,1.3156359004e-05,1.33908111584e-05,1.12388560667e-05,1.63695377308e-06
Candidatus_Kapabacteria,5.47136143522e-07,1.01829613396e-06,7.46725468808e-07,1.32175672704e-06,1.13722721828e-06,1.12122383824e-06,2.988798938e-06,1.30302104457e-05,3.30473252569e-06,1.9264715883e-06,6.43661542956e-06,5.98664590592e-06,0,0,0,0,0,0,6.79480075436e-07,7.55304001826e-06,3.75895971542e-07,6.69540557921e-07,3.03752866668e-07,9.82172263848e-07
Candidatus_Kerfeldbacteria,9.11893572536e-07,2.03659226791e-06,1.30676957041e-06,1.81741549968e-06,1.56368742514e-06,1.12122383824e-06,7.17311745119e-07,5.83442258762e-07,1.32189301028e-06,1.15588295298e-06,3.30082842541e-07,7.04311283049e-07,1.1251658389e-06,0,0,0,1.62041935805e-07,0,0,6.50847065403e-05,5.63843957313e-07,0,0,0
Candidatus_Komeilibacteria,1.64140843057e-06,1.62927381433e-06,7.46725468808e-07,4.9565877264e-07,1.42153402285e-07,0,1.67372740528e-06,2.33376903505e-06,1.81760288913e-06,1.73382442947e-06,1.98049705525e-06,2.11293384915e-06,0,3.16085595979e-06,0,0,0,0,5.09610056577e-07,2.57124766579e-06,0,1.17169597636e-06,7.59382166669e-07,0
Candidatus_Korarchaeota,1.45902971606e-06,1.22195536075e-06,0,0,0,1.28139867228e-06,3.34745481056e-06,1.75032677629e-06,3.46996915197e-06,2.31176590596e-06,2.47562131906e-06,2.64116731143e-06,0,0,0,0,0,0,0,3.37476256135e-06,5.63843957313e-07,6.69540557921e-07,0,6.54781509232e-07
Candidatus_Kryptonia,1.27665100155e-06,0,0,0,0,0,1.91283132032e-06,7.77923011682e-07,1.65236626284e-06,1.15588295298e-06,8.25207106354e-07,1.23254474534e-06,0,0,0,0,0,0,0,6.42811916447e-07,5.63843957313e-07,5.02155418441e-07,4.55629300002e-07,0
Candidatus_Kuenenbacteria,0,0,0,0,0,0,2.3910391504e-07,0,0,0,0,3.52155641525e-07,0,0,0,0,0,0,0,8.03514895559e-07,0,0,0,0
Candidatus_Latescibacteria,1.294888873e-05,8.96100597882e-06,7.46725468808e-06,1.07392734072e-05,7.53413032112e-06,0,1.55417544776e-06,1.36136527044e-06,3.30473252569e-07,1.73382442947e-06,1.81545563398e-06,1.76077820762e-06,2.39097740765e-06,0,1.21998866021e-06,1.17705911779e-06,1.62041935805e-07,0,1.01922011315e-06,6.42811916447e-07,7.51791943083e-07,0,0,0
Candidatus_Levybacteria,6.01849757874e-06,4.6841622162e-06,3.73362734404e-07,1.48697631792e-06,2.84306804571e-07,1.12122383824e-06,9.08594877151e-06,7.97371086974e-06,8.92277781936e-06,7.51323919437e-06,8.25207106354e-06,6.86703500973e-06,0,0,0,4.41397169173e-07,8.10209679024e-07,0,1.69870018859e-06,1.02849906632e-05,3.57101172965e-06,2.17600681324e-06,2.43002293334e-06,2.29173528231e-06
Candidatus_Lindowbacteria,0,0,0,0,0,6.40699336139e-07,0,0,0,0,0,0,0,0,0,0,0,0,0,0,0,0,0,0
Candidatus_Liptonbacteria,0,1.01829613396e-06,0,0,0,0,0,0,0,0,0,0,0,0,0,0,0,0,0,0,0,0,0,0
Candidatus_Lloydbacteria,7.29514858029e-07,0,7.46725468808e-07,6.6087836352e-07,8.52920413712e-07,0,0,2.33376903505e-06,4.95709878853e-07,0,1.32033137017e-06,7.04311283049e-07,0,0,0,0,0,0,1.69870018859e-07,1.92843574934e-06,0,5.02155418441e-07,1.06313503334e-06,1.30956301846e-06
Candidatus_Lokiarchaeota,7.29514858029e-07,6.10977680374e-07,5.60044101606e-07,4.9565877264e-07,7.10767011427e-07,0,4.78207830079e-07,0,0,0,0,1.76077820762e-07,0,0,0,0,0,0,5.09610056577e-07,0,0,0,0,0
Candidatus_Magasanikbacteria,1.53198120186e-05,1.75146935041e-05,1.45611466418e-05,1.17305909525e-05,1.03771983668e-05,5.60611919122e-06,1.07596761768e-05,4.66753807009e-06,1.10708539611e-05,9.05441646501e-06,6.27157400829e-06,9.50820232116e-06,1.96904021807e-06,0,0,4.41397169173e-07,0,0,5.7755806412e-06,1.20527234334e-05,5.07459561581e-06,2.00862167376e-06,2.58189936668e-06,6.87520584694e-06
Candidatus_Margulisbacteria,1.96969011668e-05,2.24025149471e-05,9.70743109451e-06,1.14001517707e-05,9.52427795312e-06,1.8580280748e-05,2.31930797588e-05,1.67253447512e-05,2.44550206901e-05,2.1576481789e-05,2.16204261865e-05,2.46508949067e-05,1.04077840098e-05,2.80964974204e-06,1.43348667574e-05,7.94514904511e-06,1.79866548743e-05,1.89739726166e-05,1.66472618482e-05,5.44783099189e-05,1.67273707336e-05,9.03879753194e-06,8.5050802667e-06,2.02982267862e-05
Candidatus_Marinimicrobia,3.28281686113e-06,2.85122917508e-06,1.21342888681e-05,8.92185790752e-06,8.24489733255e-06,6.24681852736e-06,2.03238327784e-06,6.80682635222e-06,1.81760288913e-06,2.31176590596e-06,3.30082842541e-06,3.34547859448e-06,0,3.51206217755e-07,6.09994330103e-07,1.17705911779e-06,0,0,5.94545066006e-06,4.17827745691e-06,3.75895971542e-07,6.69540557921e-07,7.59382166669e-07,5.07455669655e-06
Candidatus_Marsarchaeota,0,0,0,0,0,0,0,0,0,0,0,0,0,0,0,0,0,0,0,0,1.12768791463e-06,0,0,0
Candidatus_Melainabacteria,0.0008699464682,0.000695292600266,0.000757366306739,0.00142006238361,0.00108534122645,0.000199417668373,0.000894009538333,0.000205955117343,0.00164691345418,0.000980381391286,0.000788237827989,0.000816825010516,3.51614324655e-05,4.03887150418e-06,3.47696768159e-05,2.91322131654e-05,7.63217517641e-05,1.29219296268e-05,0.000860221775502,0.00063509817345,0.00153985784742,0.000354521725419,0.000376197925368,0.000787047374097
Candidatus_Micrarchaeota,1.45902971606e-06,1.01829613396e-06,0,0,0,0,2.74969502296e-06,4.86201882301e-06,1.15665638399e-06,9.6323579415e-07,1.98049705525e-06,2.28901166991e-06,0,0,0,0,0,0,0,3.21405958224e-06,0,0,9.11258600003e-07,1.47325839577e-06
Candidatus_Microgenomates,2.37092328859e-06,2.4439107215e-06,0,3.3043918176e-07,2.84306804571e-07,2.08227284245e-06,3.34745481056e-06,8.5571531285e-06,3.30473252569e-06,3.46764885894e-06,4.29107695304e-06,5.28233462287e-06,4.21937189586e-06,0,0,6.47382514787e-06,0,0,1.01922011315e-06,6.10671320625e-06,1.3156359004e-06,2.17600681324e-06,2.27814650001e-06,4.91086131924e-07
Candidatus_Moranbacteria,1.69612204492e-05,1.93476265452e-05,1.02674751961e-05,9.41751668016e-06,8.38705073483e-06,1.76192317438e-06,1.41071309873e-05,2.13928828213e-05,1.63584260022e-05,1.29073596416e-05,1.63391007058e-05,1.848817118e-05,9.84520109034e-07,5.26809326632e-07,4.57495747577e-07,2.94264779449e-07,6.48167743219e-07,4.90706188361e-07,7.98389088637e-06,6.94236869763e-05,1.89827465629e-05,4.18462848701e-06,5.77130446669e-06,1.08038949023e-05
Candidatus_Muirbacteria,5.47136143522e-07,6.10977680374e-07,0,0,0,0,0,0,0,0,0,0,0,0,0,0,0,0,5.09610056577e-07,0,0,0,0,0
Candidatus_Nealsonbacteria,1.34960248735e-05,1.09975982467e-05,7.46725468808e-07,6.6087836352e-07,2.55876124114e-06,9.61049004209e-07,5.47547965441e-05,8.16819162266e-06,6.46075208772e-05,6.1261796508e-05,5.21530891215e-05,5.14147236626e-05,4.078726166e-06,8.07774300836e-06,7.62492912628e-07,5.88529558897e-07,1.62041935805e-06,6.3791804487e-06,3.90701043376e-06,4.93358145873e-05,1.67273707336e-05,9.12249010168e-05,9.81121759337e-05,2.128039905e-06
Candidatus_Niyogibacteria,0,0,0,0,1.42153402285e-07,0,2.3910391504e-07,7.77923011682e-07,0,0,3.30082842541e-07,7.04311283049e-07,0,0,0,0,0,0,0,4.82108937335e-07,0,5.02155418441e-07,3.03752866668e-07,0
Candidatus_Nomurabacteria,1.84202501652e-05,1.9551285772e-05,3.73362734404e-07,0,5.68613609141e-07,6.40699336139e-07,1.1955195752e-05,1.63363832453e-05,9.91419757707e-06,8.86176930618e-06,1.4028520808e-05,1.14450583495e-05,3.79743470627e-06,1.40482487102e-06,1.67748440778e-06,9.41647294235e-06,3.56492258771e-06,1.96282475344e-06,3.56727039604e-06,9.3368430864e-05,3.94690770119e-06,4.68678390545e-06,4.10066370001e-06,5.23825207386e-06
Candidatus_Omnitrophica,5.74492950698e-05,6.13014272642e-05,8.25131643033e-05,8.21141366673e-05,8.51498879689e-05,1.29741615568e-05,8.29690585188e-05,7.31247630981e-05,8.34444962737e-05,8.726916295e-05,8.13654206865e-05,8.94475329472e-05,4.13498445794e-05,2.0018754412e-05,1.31148780972e-05,0.000396227525527,2.78712129584e-05,4.59628129765e-05,1.0871681207e-05,9.14399951146e-05,4.39798286704e-05,9.80876917355e-05,9.7808423067e-05,1.60421469762e-05
Candidatus_Pacebacteria,1.3313646159e-05,1.05902797932e-05,7.46725468808e-07,2.14785468144e-06,1.27938062057e-06,0,4.54297438575e-06,5.25098032886e-06,5.45280866739e-06,6.16470908256e-06,6.10653258702e-06,6.69095718897e-06,0,0,0,0,0,0,4.07688045262e-06,6.36383797283e-05,0,1.50646625532e-06,1.67064076667e-06,5.72933820578e-06
Candidatus_Parcubacteria,1.64140843057e-05,2.36244703078e-05,1.30676957041e-05,6.93922281696e-06,1.05193517691e-05,2.56279734456e-06,1.17160918369e-05,7.39026861098e-06,1.27232202239e-05,1.0210299418e-05,1.15528994889e-05,9.68428014193e-06,0,5.26809326632e-07,0,2.94264779449e-07,0,4.90706188361e-07,3.7371404149e-06,1.07670996005e-05,3.94690770119e-06,7.6997164161e-06,6.98631593336e-06,6.2204243377e-06
Candidatus_Peregrinibacteria,1.3678403588e-05,8.55368752524e-06,1.08275192977e-05,1.17305909525e-05,9.38212455083e-06,5.44594435718e-06,9.80326051663e-06,5.83442258762e-06,1.00794342034e-05,8.09118067086e-06,6.43661542956e-06,6.86703500973e-06,4.21937189586e-07,0,9.14991495154e-07,4.41397169173e-07,1.45837742224e-06,1.30854983563e-06,1.35896015087e-06,1.39811591827e-05,3.02596257091e-05,1.20517300426e-05,7.74569810003e-06,8.1847688654e-07
Candidatus_Poribacteria,4.37708914817e-06,3.05488840187e-06,2.46419404707e-05,1.50349827701e-05,1.79113286879e-05,4.48489535298e-06,1.41071309873e-05,1.75032677629e-06,1.30536934765e-05,8.86176930618e-06,8.58215390608e-06,6.5148793682e-06,1.82839448821e-06,0,1.98248157283e-06,8.38654621428e-06,2.26858710127e-06,1.30854983563e-06,1.01922011315e-06,2.89265362401e-06,2.44332381502e-06,3.68247306857e-06,7.74569810003e-06,1.47325839577e-06
Candidatus_Portnoybacteria,4.9242252917e-06,5.09148066979e-06,1.68013230482e-06,4.9565877264e-07,1.42153402285e-07,0,2.74969502296e-06,1.75032677629e-06,3.30473252569e-06,3.8529431766e-06,3.13578700414e-06,3.52155641525e-06,7.0322864931e-07,0,0,0,0,0,2.20831024517e-06,1.20527234334e-05,1.87947985771e-06,0,0,0
Candidatus_Raymondbacteria,0,0,0,0,0,0,0,2.13928828213e-06,4.95709878853e-07,1.73382442947e-06,1.48537279144e-06,1.76077820762e-07,0,1.05361865326e-06,1.52498582526e-06,4.41397169173e-07,0,0,0,1.76773277023e-06,3.75895971542e-07,0,6.07505733335e-07,0
Candidatus_Riflebacteria,0,6.10977680374e-07,9.3340683601e-07,4.9565877264e-07,5.68613609141e-07,4.80524502105e-07,4.78207830079e-07,0,6.60946505138e-07,0,0,0,0,0,0,0,0,0,1.35896015087e-06,4.82108937335e-07,0,1.00431083688e-06,0,6.54781509232e-07
Candidatus_Roizmanbacteria,3.95761810481e-05,3.27891355134e-05,1.30676957041e-06,0,1.84799422971e-06,1.12122383824e-06,2.70187423995e-05,2.62549016443e-05,2.66030968318e-05,2.44661891714e-05,2.07952190801e-05,2.23618832368e-05,9.84520109034e-07,0,1.75373369905e-05,2.94264779449e-07,2.09034097188e-05,5.88847426033e-06,6.28519069778e-06,3.77652000913e-05,1.76671106625e-05,7.03017585818e-06,5.31567516668e-06,9.33063650656e-06
Candidatus_Rokubacteria,4.37708914817e-06,2.4439107215e-06,2.61353914083e-06,1.81741549968e-06,2.27445443657e-06,2.72297217859e-06,6.33625374855e-06,4.08409581133e-06,6.27899179881e-06,4.81617897075e-06,7.42686395718e-06,6.16272372668e-06,3.23485178683e-06,0,1.52498582526e-06,5.4438984198e-06,9.72251614829e-06,2.78066840071e-06,8.49350094295e-07,1.44632681201e-06,7.51791943083e-07,2.17600681324e-06,7.59382166669e-07,2.29173528231e-06
Candidatus_Ryanbacteria,2.42563690295e-05,2.46427664418e-05,0,0,0,0,0,4.86201882301e-06,0,0,1.15528994889e-06,2.8172451322e-06,0,0,0,0,0,0,0,3.37476256135e-06,0,5.02155418441e-07,2.43002293334e-06,0
Candidatus_Saccharibacteria,0.00021283595983,0.000186959170195,2.16550385954e-05,1.42088848157e-05,1.50682606422e-05,1.58573085694e-05,0.000249624487301,0.00128026679648,0.000179612212771,0.000153347138429,0.000624021613825,0.000541967532306,1.96904021807e-06,5.26809326632e-07,7.62492912628e-07,8.82794338346e-07,3.2408387161e-07,4.90706188361e-07,1.15511612824e-05,0.000501714700787,3.55221693107e-05,3.51508792909e-05,2.93121516334e-05,1.12949810343e-05
Candidatus_Schekmanbacteria,2.73568071761e-06,4.88782144299e-06,3.54694597684e-06,5.61746608992e-06,3.98029526399e-06,1.60174834035e-06,2.988798938e-06,6.80682635222e-06,4.13091565711e-06,4.43088465309e-06,4.62115979558e-06,4.75410116058e-06,4.21937189586e-07,0,0,2.94264779449e-07,0,0,2.20831024517e-06,1.76773277023e-06,7.51791943083e-07,6.69540557921e-07,0,1.14586764116e-06
Candidatus_Shapirobacteria,5.1066040062e-06,8.35002829845e-06,2.42685777363e-06,4.62614854464e-06,4.40675547084e-06,4.80524502105e-07,9.32505268655e-06,6.02890334054e-06,1.04099074559e-05,1.32926539593e-05,5.44636690193e-06,8.45173539659e-06,2.81291459724e-07,0,3.04997165051e-07,0,9.72251614829e-07,9.81412376722e-07,1.0871681207e-05,2.5873179637e-05,9.58534727431e-06,5.85847988181e-06,5.61942803335e-06,1.30956301846e-05
Candidatus_Spechtbacteria,2.80863220341e-05,2.38281295346e-05,8.21398015689e-06,4.29570936288e-06,3.8381418617e-06,4.80524502105e-07,1.91283132032e-06,5.25098032886e-06,1.81760288913e-06,1.9264715883e-06,2.97074558287e-06,2.8172451322e-06,0,0,0,0,0,0,3.22753035832e-06,5.27105771487e-05,1.50358388617e-06,6.52802043973e-06,5.01192230002e-06,3.60129830078e-06
Candidatus_Staskawiczbacteria,4.19471043367e-06,4.07318453583e-06,2.61353914083e-06,2.64351345408e-06,1.99014763199e-06,1.12122383824e-06,3.94521459815e-06,7.00130710514e-06,4.13091565711e-06,5.00882612958e-06,7.59190537845e-06,4.93017898134e-06,0,0,0,0,0,0,0,0,0,0,0,4.91086131924e-07
Candidatus_Sumerlaeota,0,4.07318453583e-07,0,0,1.42153402285e-06,4.80524502105e-07,0,0,0,0,0,0,1.1251658389e-06,0,4.57495747577e-07,6.32669275814e-06,6.48167743219e-07,0,0,0,3.75895971542e-07,6.69540557921e-07,7.59382166669e-07,6.54781509232e-07
Candidatus_Sungbacteria,1.27665100155e-06,6.10977680374e-07,0,0,0,0,1.1955195752e-06,1.94480752921e-06,8.26183131422e-07,1.15588295298e-06,0,1.23254474534e-06,0,3.8632683953e-06,1.52498582526e-06,8.82794338346e-07,3.11120516745e-05,0,0,2.08913872845e-06,0,6.69540557921e-07,4.55629300002e-07,0
Candidatus_Tagabacteria,3.82995300465e-06,3.05488840187e-06,0,0,0,0,0,0,0,0,0,0,0,0,0,0,0,0,5.09610056577e-07,0,0,0,0,0
Candidatus_Taylorbacteria,5.47136143522e-07,0,5.04039691446e-06,1.30523476795e-05,7.24982351655e-06,3.84419601684e-06,1.55417544776e-06,0,1.81760288913e-06,2.31176590596e-06,1.32033137017e-06,2.99332295296e-06,0,0,0,0,0,0,8.49350094295e-07,9.64217874671e-07,3.75895971542e-07,3.34770278961e-07,0,8.1847688654e-07
Candidatus_Tectomicrobia,7.29514858029e-07,6.10977680374e-07,8.9607056257e-06,3.96527018112e-06,5.11752248227e-06,6.40699336139e-07,4.18431851319e-06,2.72273054089e-06,3.30473252569e-06,4.81617897075e-06,2.97074558287e-06,1.05646692457e-06,5.62582919448e-07,1.5804279799e-06,1.37248724273e-06,1.32419150752e-06,0,1.47211856508e-06,3.22753035832e-06,1.60702979112e-06,4.5107516585e-06,5.35632446337e-06,6.98631593336e-06,3.11021216885e-06
Candidatus_Terrybacteria,0,0,0,6.6087836352e-07,0,6.40699336139e-07,0,0,0,0,0,0,0,0,0,0,0,0,0,0,0,0,0,0
Candidatus_Thermoplasmatota,9.13717359681e-05,9.10356743758e-05,0.000114622359462,8.42619913488e-05,6.70964058787e-05,5.9905387929e-05,4.16040812169e-05,3.34506895023e-05,4.39529425917e-05,3.67956073365e-05,3.11928286202e-05,4.31390660868e-05,3.15046434891e-05,3.0028131618e-05,4.52920790101e-05,1.78030191566e-05,2.80332548942e-05,2.02825224523e-05,2.31023225648e-05,5.15856562949e-05,3.38306374388e-05,3.33096427566e-05,3.23496803001e-05,3.73225460262e-05
Candidatus_Thorarchaeota,0,0,9.52074972731e-06,7.76532077136e-06,6.11259629827e-06,3.2034966807e-06,2.27148719288e-06,1.94480752921e-06,2.64378602055e-06,9.6323579415e-07,1.15528994889e-06,2.28901166991e-06,8.43874379172e-07,0,6.09994330103e-07,2.94264779449e-07,0,0,2.54805028288e-06,3.82473090286e-05,4.5107516585e-06,0,0,3.92868905539e-06
Candidatus_Uhrbacteria,1.71435991637e-05,1.64963973701e-05,5.04039691446e-06,3.13917222672e-06,5.68613609141e-06,1.28139867228e-06,2.51059110792e-05,6.80682635222e-06,2.54464404478e-05,1.6952949977e-05,1.73293492334e-05,1.69034707932e-05,4.21937189586e-07,0,2.50097675342e-05,3.39875820263e-05,6.48167743219e-07,2.1263934829e-06,1.0871681207e-05,1.97664664308e-05,8.08176338815e-06,1.35581962979e-05,1.35170025667e-05,7.20259660155e-06
Candidatus_Verstraetearchaeota,0,0,0,1.6521959088e-07,7.10767011427e-07,3.2034966807e-07,5.97759787599e-07,0,0,0,0,1.76077820762e-07,0,0,0,0,0,0,0,4.82108937335e-07,0,0,0,0
Candidatus_Vogelbacteria,2.37092328859e-06,1.42561458754e-06,5.60044101606e-07,4.9565877264e-07,7.10767011427e-07,0,4.18431851319e-06,4.47305731717e-06,6.11375517253e-06,2.69706022362e-06,4.29107695304e-06,3.52155641525e-06,0,0,0,0,0,0,1.35896015087e-06,5.78530724803e-06,1.12768791463e-06,0,6.07505733335e-07,6.54781509232e-07
Candidatus_Wallbacteria,8.75417829635e-06,7.94270984487e-06,2.42685777363e-06,2.4782938632e-06,2.84306804571e-06,3.84419601684e-06,2.82142619747e-05,3.55899777845e-05,2.72640433369e-05,2.87044266657e-05,3.82896097348e-05,3.73284980016e-05,1.54710302848e-06,8.78015544387e-07,9.45491211659e-06,8.09228143484e-06,1.3287438736e-05,5.88847426033e-06,5.2999445884e-05,1.54274859947e-05,3.94690770119e-05,1.82449802034e-05,1.80732955667e-05,3.11021216885e-05
Candidatus_Wildermuthbacteria,0,0,0,0,0,0,3.94521459815e-06,1.75032677629e-06,2.97425927312e-06,2.88970738245e-06,2.97074558287e-06,2.11293384915e-06,0,0,0,0,0,0,4.41662049033e-06,3.21405958224e-07,0,0,4.55629300002e-07,4.25607981001e-06
Candidatus_Wirthbacteria,1.45902971606e-06,0,0,0,0,9.61049004209e-07,1.91283132032e-06,5.05649957593e-06,1.65236626284e-06,7.7058863532e-07,3.30082842541e-06,3.69763423601e-06,0,0,0,0,0,0,0,3.05335660312e-06,2.25537582925e-06,1.6738513948e-06,2.43002293334e-06,0
Candidatus_Woesearchaeota,1.05779654414e-05,1.09975982467e-05,3.54694597684e-06,3.3043918176e-06,3.55383505713e-06,6.08664369332e-06,2.12802484385e-05,9.33507614019e-06,2.3794074185e-05,1.810883293e-05,1.74943906547e-05,1.7783859897e-05,0,0,0,0.000341788541329,6.48167743219e-07,4.90706188361e-07,1.86857020745e-06,8.54939848875e-05,9.96124324585e-06,2.67816223169e-06,4.40441656668e-06,2.78282141424e-06
Candidatus_Woesebacteria,1.3678403588e-05,1.54781012362e-05,7.28057332088e-06,6.11312486256e-06,6.39690310284e-06,5.76629402525e-06,3.3115892233e-05,1.4586056469e-05,3.80044240454e-05,3.15941340481e-05,2.59115031395e-05,2.79963735012e-05,0,0,3.04997165051e-07,0,0,3.27137458907e-06,6.72685274682e-05,2.21770111174e-05,0.000169153187194,0.000119345604449,0.000158558996401,6.92431446013e-05
Candidatus_Wolfebacteria,2.73568071761e-05,2.36244703078e-05,1.86681367202e-06,2.4782938632e-06,2.13230103428e-06,3.52384634877e-06,1.09987800918e-05,9.52955689311e-06,1.04099074559e-05,7.51323919437e-06,1.03976095401e-05,1.1092902708e-05,5.62582919448e-07,3.51206217755e-07,9.14991495154e-07,0,6.48167743219e-07,2.45353094181e-06,1.86857020745e-06,6.26741618536e-06,5.8263875589e-06,3.68247306857e-06,5.01192230002e-06,1.47325839577e-06
Candidatus_Woykebacteria,9.66607186889e-06,7.33173216449e-06,1.86681367202e-06,1.48697631792e-06,1.27938062057e-06,0,3.22790285304e-06,2.91721129381e-06,3.63520577826e-06,5.7794147649e-06,1.81545563398e-06,3.69763423601e-06,5.62582919448e-07,0,0,0,9.72251614829e-07,6.54274917815e-07,0,2.63552885743e-05,6.39023151621e-06,2.34339195273e-06,2.73377580001e-06,0
Candidatus_Yanofskybacteria,1.64140843057e-05,1.24232128343e-05,1.08275192977e-05,1.47045435883e-05,1.0945811976e-05,4.80524502105e-07,2.4388599334e-05,5.83442258762e-06,2.52812038215e-05,2.08058931536e-05,1.81545563398e-05,1.98967937461e-05,0,0,0,0,4.86125807414e-07,4.90706188361e-07,2.37818026403e-06,1.4302565141e-05,1.12768791463e-06,4.01724334753e-06,3.49315796668e-06,4.41977518732e-06
Candidatus_Yonathbacteria,1.82378714507e-06,2.24025149471e-06,9.3340683601e-07,4.9565877264e-07,4.26460206856e-07,0,1.1955195752e-07,0,4.95709878853e-07,5.7794147649e-07,6.60165685083e-07,1.23254474534e-06,0,0,1.98248157283e-06,0,0,0,1.52883016973e-06,2.08913872845e-06,1.87947985771e-06,3.51508792909e-06,2.43002293334e-06,2.29173528231e-06
Candidatus_Zambryskibacteria,2.53506413165e-05,2.24025149471e-05,8.40066152409e-06,7.93054036224e-06,7.39197691884e-06,3.2034966807e-07,4.06476655567e-06,4.47305731717e-06,2.80902264684e-06,2.69706022362e-06,2.8057041616e-06,4.75410116058e-06,0,5.26809326632e-07,0,0,0,0,8.49350094295e-07,5.30319831069e-06,0,0,0,8.1847688654e-07
Chlamydiae,0.00057540484427,0.000223210512563,0.000644797442316,0.00116628509202,0.00100189717931,0.00196518503877,0.00567931574198,0.0149664608218,0.00598817533655,0.0184604139949,0.00840588966816,0.00880318672683,0.00102783899383,0.00158411564518,0.0156763967879,0.000592796398199,0.000320032823215,0.000980758101805,0.0226095296401,0.00273516470448,0.0146804292206,0.0138417467242,0.00312637638018,0.0172237002096
Chlorobi,2.06087947393e-05,2.42354479882e-05,9.37140463354e-05,0.000106401416527,9.9649535002e-05,2.17837774287e-05,2.60623267393e-05,2.33376903505e-05,3.08992491152e-05,2.87044266657e-05,2.42610889268e-05,2.64116731143e-05,1.96904021807e-06,0,1.12848951069e-05,1.76558867669e-06,1.52319419657e-05,5.72490553088e-06,1.10415512258e-05,2.55517736788e-05,9.021503317e-06,1.05452637873e-05,9.26446243336e-06,1.45688885804e-05
Chloroflexi,0.000221954895555,0.000237466658439,0.000254073340762,0.000228663913778,0.000256018277516,0.000131663713577,0.000170122435551,0.000132246911986,0.000176637953498,0.000155273610017,0.00014292587082,0.000138925400581,0.00105413974532,0.00117162394243,0.000405951226683,0.000614424859489,0.000513024768758,0.000418081672484,0.000160697037841,0.000169220237005,0.000353154265263,0.000355693421396,0.000431632823535,0.000185303167113
Chrysiogenetes,0,0,0,0,0,0,0,0,0,0,0,0,0,1.05361865326e-06,9.14991495154e-07,5.88529558897e-07,0,6.54274917815e-07,6.79480075436e-07,0,0,0,0,3.27390754616e-07
Chytridiomycota,3.20986537533e-05,2.95305878848e-05,5.76845424654e-05,6.44356404432e-05,5.94201221553e-05,4.86931495466e-05,4.30387047071e-05,5.48435723236e-05,5.27104837848e-05,5.14367914076e-05,6.10653258702e-05,4.31390660868e-05,3.41769123565e-05,4.91688704857e-06,4.83420506606e-05,5.22319983521e-05,4.86125807414e-06,9.32341757886e-06,5.33391859217e-05,3.58367643419e-05,4.90544242862e-05,4.15115145911e-05,2.77933873001e-05,4.76353547966e-05
Ciliophora,0,0,0,4.9565877264e-07,2.84306804571e-07,9.61049004209e-07,0,0,0,0,0,0,0,0,0,0,0,0,0,0,0,0,0,0
Coprothermobacterota,1.64140843057e-06,1.83293304112e-06,5.60044101606e-06,4.46092895376e-06,7.39197691884e-06,8.00874170174e-07,2.51059110792e-06,3.88961505841e-07,1.32189301028e-06,1.34853011181e-06,4.95124263812e-07,1.23254474534e-06,3.09420605696e-06,3.51206217755e-07,1.37248724273e-06,8.82794338346e-07,8.10209679024e-07,0,2.71792030174e-06,3.21405958224e-06,0,3.34770278961e-06,1.97439363334e-06,4.91086131924e-06
Cossaviricota,0,0,2.46419404707e-05,2.24698643597e-05,2.58719192159e-05,1.60174834035e-06,0,0,0,0,0,0,0,0,0,0,0,0,0,0,0,0,0,0
Crenarchaeota,1.84202501652e-05,1.71073750505e-05,3.56561411356e-05,3.45308944939e-05,2.45925385954e-05,6.40699336139e-06,7.65132528127e-06,1.80867100216e-05,6.77470167766e-06,4.62353181192e-06,9.73744385497e-06,8.97996885888e-06,4.078726166e-06,7.0241243551e-07,9.91240786417e-06,1.32419150752e-06,7.77801291863e-06,6.05204298979e-06,6.96467077322e-06,1.46239710992e-05,3.75895971542e-06,2.76185480143e-05,2.76415108668e-05,6.87520584694e-06
Cressdnaviricota,0,0,0,4.9565877264e-07,0,1.60174834035e-06,0,0,0,0,0,0,0,0,9.14991495154e-07,0,0,0,0,0,0,0,0,0
Cryptomycota,1.09427228704e-06,1.01829613396e-06,0,1.32175672704e-06,2.84306804571e-07,0,0,4.27857656425e-06,0,0,0,0,0,0,0,0,0,0,3.22753035832e-06,0,0,0,0,0
Cyanobacteria,0.000216301155406,0.000224432467924,0.000201429195211,0.00020090702251,0.000186931724005,0.000120131125526,0.000192478651607,0.000218790847036,0.000205554363098,0.000228094236055,0.000239805185106,0.000245452482143,0.000167931001455,0.000219855092315,0.000156768542836,0.000531883588853,7.84282969295e-05,5.43048181786e-05,0.000384755592716,0.000247482587832,0.000366498572253,0.000292589223812,0.000221587716234,0.000355218968758
Deferribacteres,0.00132406946732,0.00238953370794,1.5681234845e-05,2.03220096782e-05,2.11808569405e-05,1.07317138803e-05,0.000987379617156,0.00166611661027,0.000506945969441,0.000696034184853,0.000503211293454,0.000501997866993,1.82839448821e-06,1.05361865326e-06,1.98248157283e-06,6.62095753759e-06,6.8057613038e-06,1.30854983563e-06,3.39740037718e-06,7.23163406003e-06,7.89381540238e-06,8.70402725298e-06,9.4163388667e-06,3.92868905539e-06
Deinococcus_Thermus,2.27973393134e-05,1.9551285772e-05,7.65393605528e-06,7.60010118048e-06,9.09781774626e-06,1.60174834035e-06,2.42690473765e-05,3.11169204673e-05,2.16459980433e-05,1.84941272477e-05,2.3765964663e-05,2.53552061898e-05,2.10968594793e-06,0,8.38742203891e-06,7.35661948621e-07,1.4097648415e-05,4.5799244247e-06,1.81760920179e-05,2.21770111174e-05,1.52237868474e-05,2.77859331537e-05,2.20220828334e-05,1.83338822585e-05
Dictyoglomi,2.37092328859e-06,5.70245835016e-06,4.48035281285e-06,3.3043918176e-06,5.68613609141e-06,0,8.36863702639e-07,1.16688451752e-06,8.26183131422e-07,7.7058863532e-07,9.90248527624e-07,5.28233462287e-07,4.21937189586e-07,1.05361865326e-06,2.59247590294e-06,6.0324279787e-06,8.10209679024e-07,1.14498110618e-06,6.28519069778e-06,1.76773277023e-06,0,6.52802043973e-06,3.94878726668e-06,9.98541801579e-06
Elusimicrobia,0.000914264495825,0.00124028469116,0.0016728517315,0.00249266796761,0.00209278238844,0.000971940892923,0.000560220472938,0.000679126789199,0.000691680517627,0.000687365062706,0.000626662276565,0.000601129680082,4.21937189586e-07,7.0241243551e-07,1.37248724273e-06,8.82794338346e-07,0,8.17843647269e-07,3.56727039604e-06,2.47482587832e-05,2.72524579368e-05,1.07126489267e-05,8.20132740003e-06,6.54781509232e-06
Euryarchaeota,0.000351261404141,0.000332779176577,0.000157372392551,0.00017083705697,0.000154094288077,0.000208707808747,0.000288957081325,0.00020576063659,0.000297425927312,0.000262770724644,0.000260270321344,0.000273801011285,0.00030562317099,0.000367186100663,0.000156768542836,0.000541594326575,0.000147134077711,8.52193080454e-05,0.000137594715276,0.000273355767469,0.000254293624748,0.000312675440549,0.000292817763468,0.000150599747123
Fibrobacteres,0.00030712575523,0.000308747387816,0.000342186946081,0.000366457052572,0.000343300466519,0.000275020190038,0.000312030609127,0.000333145529753,0.00032997754269,0.000312281044464,0.000329257635435,0.000345816839977,0.000118142413084,9.07868072896e-05,5.30695067189e-05,0.00013330194509,0.000139031980921,9.74869627544e-05,0.000176834689632,0.000326709156534,0.000181933650226,0.000213081282559,0.000238294123901,0.000180883391925
Firmicutes,0.366677876878,0.382972214975,0.325143683981,0.265267983698,0.294675189427,0.550906125054,0.294271883149,0.323113629075,0.316529098913,0.284571062432,0.289602803063,0.290171670593,0.427963155882,0.422059086934,0.313185881437,0.381330223935,0.464632240965,0.352355340634,0.333438709368,0.453344068292,0.361396160335,0.547445485171,0.607555093176,0.348450164907
Fusobacteria,0.000479108883011,0.000457214964147,0.000494892304453,0.000744809915687,0.000618367299941,0.000147040497644,0.000490282577789,0.000279468841947,0.000650040887803,0.000537678220295,0.000461785896715,0.000471888559643,0.000688179556215,0.000630063954652,0.000445448359557,0.000409616572992,0.00059404573666,0.00039828985622,0.00022779569529,0.000550729109416,0.000368002156139,0.000595388941132,0.000723083699102,0.000290722990099
Gemmatimonadetes,7.65990600931e-06,6.10977680374e-06,7.46725468808e-07,1.48697631792e-06,1.99014763199e-06,1.44157350631e-06,3.22790285304e-06,1.55584602336e-06,5.45280866739e-06,1.54117727064e-06,2.47562131906e-06,3.52155641525e-06,1.1251658389e-06,0,1.52498582526e-06,4.41397169173e-07,0,4.90706188361e-07,3.39740037718e-07,2.24984170757e-06,5.45049158735e-06,4.51939876597e-06,6.68256306669e-06,8.1847688654e-07
Hofneiviricota,3.82995300465e-06,4.07318453583e-06,3.73362734404e-06,1.48697631792e-06,9.95073815997e-07,6.40699336139e-07,1.43462349024e-06,1.75032677629e-06,1.81760288913e-06,9.6323579415e-07,3.30082842541e-07,1.05646692457e-06,4.92260054517e-06,8.60455233499e-06,1.60123511652e-05,3.08978018421e-06,1.42596903508e-05,1.06319674145e-05,9.00311099953e-06,4.04971507362e-05,6.01433554467e-06,1.65711288086e-05,9.72009173337e-06,1.86612730131e-05
Ignavibacteriae,2.69920497471e-05,2.85122917508e-05,4.70437045349e-05,5.73311980353e-05,4.77635431679e-05,3.7000386662e-05,5.29615171813e-05,9.19893961314e-05,5.55195064316e-05,5.52897345842e-05,7.39385567293e-05,7.36005290786e-05,9.01539128416e-05,0.000109751943048,1.41823681749e-05,4.39925845276e-05,3.38667645832e-05,1.70111478632e-05,6.28519069778e-05,4.162207159e-05,6.95407547352e-05,7.48211573477e-05,9.4163388667e-05,5.07455669655e-05
Kiritimatiellaeota,2.37092328859e-06,2.03659226791e-06,0,0,0,0,2.3910391504e-07,0,4.95709878853e-07,5.7794147649e-07,4.95124263812e-07,1.05646692457e-06,2.25033167779e-06,5.26809326632e-07,0,5.88529558897e-07,0,0,0,1.60702979112e-07,3.75895971542e-06,0,7.59382166669e-07,6.54781509232e-07
Kitrinoviricota,0,0,0,0,0,0,0,0,0,0,4.95124263812e-07,0,0,0,0,0,0,0,8.49350094295e-07,0,0,0,0,0
Lentisphaerae,6.93039115128e-05,6.84295002019e-05,3.71495920732e-05,4.2626654447e-05,4.17931002719e-05,1.74590569098e-05,4.24409449195e-05,4.18133618779e-05,4.65967286122e-05,4.43088465309e-05,4.34058937942e-05,3.97935874923e-05,0.000196622730347,0.000230391278847,5.79494613598e-05,0.00012829944384,4.5695825897e-05,1.86468351577e-05,1.61376517916e-05,1.92843574934e-05,7.64948302087e-05,2.577731148e-05,2.80971401668e-05,2.09530082954e-05
Microsporidia,0,0,6.16048511767e-06,6.27834445344e-06,1.42153402285e-06,0,0,0,0,0,0,0,0,0,0,4.41397169173e-07,0,0,5.09610056577e-06,0,1.05250872032e-05,6.69540557921e-07,7.59382166669e-07,3.76499367808e-06
Mucoromycota,4.9971767775e-05,9.4701540458e-05,6.53384785207e-05,6.09660290347e-05,5.08909180181e-05,1.90608052501e-05,3.04857491676e-05,3.928511209e-05,2.64378602055e-05,4.06485505131e-05,3.49887813094e-05,3.1870085558e-05,2.9535603271e-06,0,5.18495180587e-06,0,1.13429355063e-06,0,4.00893244507e-05,3.76044971122e-05,1.27804630324e-05,3.63225752672e-05,1.82251720001e-05,2.84829956516e-05
Nanoarchaeota,2.73568071761e-06,2.24025149471e-06,0,6.6087836352e-07,0,0,2.86924698048e-06,1.16688451752e-06,1.98283951541e-06,2.31176590596e-06,2.64066274033e-06,2.64116731143e-06,0,0,0,0,0,0,0,1.44632681201e-06,0,0,0,0
Nitrospinae,1.62317055911e-05,1.50707827826e-05,1.21342888681e-05,1.12349321798e-05,1.12301187805e-05,7.84856686771e-06,1.60199623077e-05,2.06149598096e-05,1.3384166729e-05,1.42558897534e-05,1.56789350207e-05,2.1481494133e-05,0,0,0,0,1.29633548644e-06,8.17843647269e-07,8.66337096181e-06,1.39811591827e-05,6.01433554467e-06,1.48972774138e-05,1.15426089334e-05,1.16223717889e-05
Nitrospirae,5.0336525204e-05,5.03038290175e-05,3.39760088308e-05,4.69223638099e-05,3.79549584102e-05,1.15325880505e-05,6.25256737829e-05,2.76162669147e-05,6.62598871401e-05,6.58853283199e-05,5.52888761257e-05,5.4055890974e-05,2.51755856453e-05,2.80964974204e-06,4.87995464082e-05,3.01621398935e-05,4.48856162179e-05,1.9464678805e-05,2.08940123197e-05,4.00150417988e-05,3.38306374388e-05,3.46487238724e-05,3.67540968668e-05,2.75008233877e-05
Nucleocytoviricota,1.51374333041e-05,2.07732411327e-05,2.25884454314e-05,1.70176178606e-05,2.14651637451e-05,2.56279734456e-06,6.57535766359e-06,1.26412489398e-05,5.78328191996e-06,9.6323579415e-06,6.93173969337e-06,5.98664590592e-06,7.45422368269e-06,6.32171191959e-06,8.23492345639e-06,6.17956036842e-06,8.10209679024e-07,1.37397732741e-05,2.81984231306e-05,1.96057634516e-05,3.40185854245e-05,7.74993195794e-05,0.000101757210334,3.35575523481e-05
Olpidiomycota,0,0,7.46725468808e-07,0,0,0,0,0,0,0,0,0,0,0,0,0,0,0,0,0,0,0,0,0
Peploviricota,0,0,0,0,0,0,0,5.83442258762e-07,0,9.6323579415e-07,0,3.52155641525e-07,0,0,6.09994330103e-07,0,0,0,1.35896015087e-06,0,5.63843957313e-07,5.02155418441e-07,0,1.14586764116e-06
Phixviricota,5.83611886423e-06,7.1280729377e-06,1.43744652746e-05,1.14001517707e-05,1.44996470331e-05,7.20786753157e-06,1.30311633697e-05,5.25098032886e-06,5.94851854624e-06,5.00882612958e-06,3.46586984668e-06,5.10625680211e-06,0,0,0,4.41397169173e-07,0,0,1.4438951603e-05,6.42811916447e-07,2.49970821075e-05,1.33908111584e-06,1.67064076667e-06,1.58784515989e-05
Planctomycetes,6.3285413934e-05,6.17087457178e-05,6.16048511767e-05,6.37747620797e-05,5.3307525857e-05,2.88314701263e-05,7.79478763029e-05,7.05965133102e-05,8.1296420132e-05,6.87750357023e-05,6.83271484061e-05,6.8142116635e-05,0.000255553291159,0.000318017230177,7.85367700007e-05,0.000173321955095,7.14604936899e-05,4.53085380587e-05,6.96467077322e-05,6.13885380207e-05,0.000173663938852,0.000119847759868,0.000123323663867,7.85737811079e-05
Proteobacteria,0.00476902100565,0.00505135980211,0.00925715563682,0.00897439773742,0.00971803304043,0.00835055479757,0.017867876915,0.0127659111025,0.016616690849,0.0185503802181,0.0176904598632,0.0170966281626,0.0434606556932,0.00790196429638,0.0691524647278,0.0903386987611,0.0596427753117,0.0253371233298,0.0662578008559,0.0249965448859,0.0309858567261,0.0348373669246,0.0343600686481,0.0582937245085
Rhodothermaeota,0,1.62927381433e-06,1.12008820321e-06,1.98263509056e-06,1.27938062057e-06,0,5.97759787599e-07,5.83442258762e-07,3.30473252569e-07,3.8529431766e-07,6.60165685083e-07,1.23254474534e-06,0,0,0,0,0,0,5.09610056577e-07,0,3.75895971542e-07,0,4.55629300002e-07,0
Spirochaetes,0.000624829475902,0.000587964187747,0.000534095391565,0.000663356657383,0.000692002762325,0.000287353652259,0.000396314739178,0.000377098179913,0.0004149091686,0.000362369305759,0.000354839055732,0.000353916419732,0.000665254302247,0.000668696638605,0.000373011532858,0.000418738781155,0.000590156730201,0.000380951570898,0.000306955124078,0.00045591435174,0.000397697937891,0.000500648952186,0.000551615205869,0.000364385909888
Synergistetes,0.000133318840305,0.000155391990042,0.000101367982391,8.60794068485e-05,0.000110879653783,0.000150404169159,9.50438062283e-05,0.000102102395283,8.14616567583e-05,7.30132731966e-05,8.05402135801e-05,8.80389103811e-05,0.000504355587285,0.000596172554639,0.000158141030079,0.000973280758026,0.000244359239194,0.000243226700698,9.52970805799e-05,0.000169380939984,0.000115024167292,0.000133908111584,0.000124994304634,0.000128500871187
Tenericutes,0.0132199034998,0.0113959556943,0.00223980304369,0.00322772992743,0.00274455573792,0.000376090510314,0.0135683103148,0.00734048153823,0.012879699309,0.0109036365426,0.0109503332599,0.011418118443,0.000139379918293,0.000142062915082,7.03018465443e-05,8.01871523997e-05,0.000103382755043,6.83717289117e-05,0.0011763498806,0.0157614267853,0.00289909768052,0.00561443234845,0.00282839481798,0.00236932689116
Thaumarchaeota,2.00616585958e-05,1.87366488648e-05,6.90721058648e-06,6.77400322608e-06,6.8233633097e-06,4.64507018701e-06,3.16812687428e-05,3.17003627261e-05,3.22211421255e-05,3.10161925716e-05,3.48237398881e-05,3.73284980016e-05,3.23485178683e-06,7.19972746398e-06,1.06749007768e-06,0,1.19911032496e-05,5.56133680143e-05,4.99417855445e-05,1.96057634516e-05,4.13485568696e-05,2.14252978535e-05,1.77695427001e-05,3.37212477255e-05
Thermodesulfobacteria,2.73568071761e-06,2.85122917508e-06,2.24017640642e-06,3.3043918176e-06,4.26460206856e-06,2.88314701263e-06,4.06476655567e-06,6.22338409346e-06,4.2961522834e-06,2.69706022362e-06,4.29107695304e-06,3.34547859448e-06,0,0,0,0,0,0,1.86857020745e-06,2.7319506449e-06,9.58534727431e-06,4.85416904493e-06,3.64503440001e-06,2.78282141424e-06
Thermotogae,0.000124747040723,0.000129730927466,4.10699007845e-05,5.35311474451e-05,4.42097081107e-05,3.28358409771e-05,7.34049019172e-05,0.000101713433777,8.31140230211e-05,7.57103334202e-05,8.48312905331e-05,8.97996885888e-05,0.00016314904664,0.000210196921326,4.87995464082e-05,7.40075920313e-05,5.96314323762e-05,2.22453472057e-05,8.73131896935e-05,8.61367968039e-05,0.000128556422267,0.000202201248492,0.000236623483134,7.82463903532e-05
Unclassified,0.0915583093931,0.101071797413,0.133523474529,0.104659175941,0.124799599241,0.0570111888529,0.059119997169,0.0553476664352,0.0603264051268,0.0548360505252,0.055027285473,0.0540370506472,0.0322578013725,0.0259304330724,0.0267383389671,0.0262304681753,0.0380393444302,0.0366858489168,0.0852744097272,0.0658549559192,0.094534077883,0.0927450928536,0.114759807421,0.0997990148157
Uroviricota,0.000854626656181,0.000858627300153,0.000843799779753,0.000995282815461,0.000842116755138,0.000839956829679,0.000790955750951,0.000410743350168,0.000757609931514,0.000773285695544,0.000665777093406,0.000682829788916,0.000212937635011,0.000319773261266,0.000238050287323,0.00853000029426,0.000249220497268,0.000200371693581,0.000587920135271,0.000931273763953,0.000884671169023,0.00481935293592,0.00471697826648,0.000520387604462
Verrucomicrobia,0.000297094925932,0.000304470544053,0.000409392238274,0.000457658266737,0.000468537613932,0.000134386685755,0.000937885106743,0.00315681158141,0.000760253717535,0.000892148992542,0.00196531324449,0.00175144608312,0.39859027972,0.441931563956,0.482547147224,0.369917605862,0.357313163217,0.470073138122,0.00240060310651,0.00608485760109,0.00149850929055,0.00238473608218,0.00240192579317,0.00181047087303
Zoopagomycota,9.11893572536e-07,1.01829613396e-06,6.16048511767e-06,2.64351345408e-06,2.41660783885e-06,0,2.3910391504e-07,3.88961505841e-07,0,2.31176590596e-06,1.15528994889e-06,5.28233462287e-07,0,0,1.21998866021e-06,0,0,0,6.6249307355e-06,6.42811916447e-07,2.44332381502e-06,2.84554737117e-06,4.55629300002e-07,2.61912603693e-06
candidate_division_CPR1,0,0,0,0,0,0,3.5865587256e-07,0,0,1.9264715883e-07,0,0,0,0,0,0,0,0,6.79480075436e-07,0,5.63843957313e-07,0,6.07505733335e-07,0
candidate_division_CPR2,1.86026288797e-05,1.69037158237e-05,7.46725468808e-07,0,0,0,4.93749584557e-05,4.02575158546e-05,5.10581175219e-05,4.71985539134e-05,5.42986275981e-05,5.37037353325e-05,0,0,0,0,0,0,6.96467077322e-06,8.91901534071e-05,3.74016491684e-05,8.90488942036e-05,9.53784001337e-05,7.69368273348e-06
candidate_division_CPR3,1.09427228704e-06,0,0,0,0,0,3.5865587256e-07,6.41786484638e-06,1.15665638399e-06,0,3.13578700414e-06,5.28233462287e-07,0,0,0,0,0,0,5.09610056577e-07,8.1958519347e-06,3.75895971542e-07,5.18893932389e-06,4.10066370001e-06,4.91086131924e-07
candidate_division_KD3_62,0,0,0,0,0,0,0,0,0,0,0,0,2.81291459724e-07,0,1.06749007768e-06,0,0,0,0,0,0,0,0,0
candidate_division_NC10,7.65990600931e-06,8.75734675203e-06,1.12008820321e-06,6.6087836352e-07,1.56368742514e-06,0,2.27148719288e-06,3.88961505841e-07,2.31331276798e-06,3.8529431766e-06,1.15528994889e-06,1.93685602839e-06,0,3.51206217755e-07,6.09994330103e-07,0,9.72251614829e-07,0,3.05766033946e-06,5.94601022714e-06,1.87947985771e-06,4.01724334753e-06,3.49315796668e-06,1.9643445277e-06
candidate_division_WOR_3,1.64140843057e-06,2.03659226791e-06,2.24017640642e-06,0,8.52920413712e-07,0,0,0,0,7.7058863532e-07,4.95124263812e-07,0,0,0,0,0,0,0,3.39740037718e-07,4.82108937335e-07,0,3.34770278961e-07,4.55629300002e-07,1.14586764116e-06
candidate_division_WWE3,1.49550545896e-05,1.26268720611e-05,2.61353914083e-06,2.97395263584e-06,2.70091464342e-06,3.2034966807e-07,1.09987800918e-05,3.30617279965e-06,1.23927469713e-05,8.09118067086e-06,9.07727816989e-06,8.97996885888e-06,3.65678897641e-06,2.28284041541e-06,0,0,8.10209679024e-07,4.90706188361e-07,5.26597058463e-06,9.80288172582e-06,1.82309546198e-05,4.15115145911e-05,6.43956077335e-05,6.0567289604e-06
candidate_division_Zixibacteria,3.82995300465e-06,1.01829613396e-06,1.08275192977e-05,9.0870774984e-06,7.67628372341e-06,7.52821719964e-06,3.94521459815e-06,1.36136527044e-06,4.13091565711e-06,3.08235454128e-06,2.31057989779e-06,3.52155641525e-06,7.0322864931e-07,1.22922176214e-06,1.82998299031e-06,7.65088426566e-06,9.07434840507e-06,1.47211856508e-06,3.39740037718e-07,4.82108937335e-07,3.75895971542e-07,2.17600681324e-06,1.21501146667e-06,1.30956301846e-06
